Date_Time,Water_Level,FillMedian
2020-01-01 03:11:00,0.8,0.8
2020-01-01 08:53:00,1.3,1.3
2020-01-01 15:15:00,,1.1
2020-01-01 22:07:00,1.4,1.4
2020-01-02 04:07:00,,1.1
2020-01-02 09:44:00,,1.1
2020-01-02 16:01:00,,1.1
2020-01-02 22:56:00,,1.1
2020-01-03 05:13:00,0.8,0.8
2020-01-03 10:49:00,1.2,1.2
2020-01-03 16:55:00,0.7,0.7
2020-01-03 23:49:00,,1.1
2020-01-04 06:25:00,0.8,0.8
2020-01-04 12:06:00,,1.1
2020-01-04 17:59:00,0.7,0.7
2020-01-05 00:43:00,1.4,1.4
2020-01-05 07:30:00,0.7,0.7
2020-01-05 13:23:00,1.2,1.2
2020-01-05 19:05:00,,1.1
2020-01-06 01:36:00,,1.1
2020-01-06 08:25:00,0.6,0.6
2020-01-06 14:30:00,1.2,1.2
2020-01-06 20:06:00,0.8,0.8
2020-01-07 02:26:00,,1.1
2020-01-07 09:11:00,0.5,0.5
2020-01-07 15:25:00,1.3,1.3
2020-01-07 21:00:00,0.7,0.7
2020-01-08 03:13:00,1.6,1.6
2020-01-08 09:53:00,0.4,0.4
2020-01-08 16:12:00,1.4,1.4
2020-01-08 21:50:00,0.7,0.7
2020-01-09 03:58:00,,1.1
2020-01-09 10:33:00,0.3,0.3
2020-01-09 16:56:00,1.5,1.5
2020-01-09 22:37:00,0.6,0.6
2020-01-10 04:42:00,1.7,1.7
2020-01-10 11:13:00,,1.1
2020-01-10 17:39:00,1.6,1.6
2020-01-10 23:22:00,0.6,0.6
2020-01-11 05:26:00,1.7,1.7
2020-01-11 11:53:00,0.2,0.2
2020-01-11 18:22:00,1.6,1.6
2020-01-12 00:08:00,0.6,0.6
2020-01-12 06:11:00,,1.1
2020-01-12 12:34:00,,1.1
2020-01-12 19:06:00,1.7,1.7
2020-01-13 00:54:00,,1.1
2020-01-13 06:56:00,1.7,1.7
2020-01-13 13:16:00,0.2,0.2
2020-01-13 19:52:00,1.7,1.7
2020-01-14 01:43:00,0.6,0.6
2020-01-14 07:44:00,1.6,1.6
2020-01-14 14:00:00,0.3,0.3
2020-01-14 20:39:00,,1.1
2020-01-15 02:35:00,0.6,0.6
2020-01-15 08:35:00,1.5,1.5
2020-01-15 14:46:00,0.3,0.3
2020-01-15 21:30:00,1.6,1.6
2020-01-16 03:33:00,0.6,0.6
2020-01-16 09:31:00,1.4,1.4
2020-01-16 15:37:00,0.4,0.4
2020-01-16 22:26:00,1.6,1.6
2020-01-17 04:39:00,,1.1
2020-01-17 10:36:00,1.3,1.3
2020-01-17 16:35:00,0.6,0.6
2020-01-17 23:26:00,1.6,1.6
2020-01-18 05:53:00,,1.1
2020-01-18 11:53:00,,1.1
2020-01-18 17:42:00,,1.1
2020-01-19 00:31:00,1.5,1.5
2020-01-19 07:11:00,0.6,0.6
2020-01-19 13:17:00,1.3,1.3
2020-01-19 18:58:00,0.7,0.7
2020-01-20 01:36:00,,1.1
2020-01-20 08:19:00,,1.1
2020-01-20 14:35:00,1.3,1.3
2020-01-20 20:11:00,0.7,0.7
2020-01-21 02:36:00,,1.1
2020-01-21 09:15:00,0.5,0.5
2020-01-21 15:39:00,,1.1
2020-01-21 21:13:00,,1.1
2020-01-22 03:29:00,1.5,1.5
2020-01-22 10:02:00,0.4,0.4
2020-01-22 16:31:00,1.4,1.4
2020-01-22 22:05:00,,1.1
2020-01-23 04:15:00,1.6,1.6
2020-01-23 10:42:00,,1.1
2020-01-23 17:14:00,,1.1
2020-01-23 22:50:00,,1.1
2020-01-24 04:56:00,1.6,1.6
2020-01-24 11:18:00,0.3,0.3
2020-01-24 17:53:00,1.5,1.5
2020-01-24 23:30:00,0.7,0.7
2020-01-25 05:33:00,1.6,1.6
2020-01-25 11:52:00,0.3,0.3
2020-01-25 18:28:00,1.6,1.6
2020-01-26 00:07:00,0.6,0.6
2020-01-26 06:07:00,,1.1
2020-01-26 12:25:00,0.3,0.3
2020-01-26 19:01:00,,1.1
2020-01-27 00:43:00,0.6,0.6
2020-01-27 06:40:00,,1.1
2020-01-27 12:58:00,,1.1
2020-01-27 19:33:00,1.6,1.6
2020-01-28 01:19:00,0.6,0.6
2020-01-28 07:13:00,1.5,1.5
2020-01-28 13:30:00,0.4,0.4
2020-01-28 20:05:00,1.5,1.5
2020-01-29 01:55:00,0.7,0.7
2020-01-29 07:47:00,,1.1
2020-01-29 14:03:00,0.4,0.4
2020-01-29 20:37:00,1.5,1.5
2020-01-30 02:34:00,0.7,0.7
2020-01-30 08:23:00,,1.1
2020-01-30 14:36:00,0.5,0.5
2020-01-30 21:12:00,1.5,1.5
2020-01-31 03:16:00,0.7,0.7
2020-01-31 09:04:00,1.3,1.3
2020-01-31 15:12:00,0.6,0.6
2020-01-31 21:49:00,,1.1
2020-02-01 04:05:00,0.7,0.7
2020-02-01 09:53:00,1.2,1.2
2020-02-01 15:53:00,0.7,0.7
2020-02-01 22:34:00,1.4,1.4
2020-02-02 05:06:00,,1.1
2020-02-02 10:56:00,1.2,1.2
2020-02-02 16:46:00,,1.1
2020-02-02 23:30:00,1.4,1.4
2020-02-03 06:19:00,0.7,0.7
2020-02-03 12:19:00,1.2,1.2
2020-02-03 17:59:00,,1.1
2020-02-04 00:35:00,,1.1
2020-02-04 07:33:00,0.7,0.7
2020-02-04 13:46:00,,1.1
2020-02-04 19:22:00,,1.1
2020-02-05 01:43:00,,1.1
2020-02-05 08:36:00,,1.1
2020-02-05 14:57:00,1.3,1.3
2020-02-05 20:34:00,,1.1
2020-02-06 02:46:00,1.5,1.5
2020-02-06 09:27:00,0.5,0.5
2020-02-06 15:52:00,,1.1
2020-02-06 21:34:00,0.7,0.7
2020-02-07 03:40:00,1.6,1.6
2020-02-07 10:13:00,0.4,0.4
2020-02-07 16:39:00,,1.1
2020-02-07 22:26:00,0.6,0.6
2020-02-08 04:30:00,1.6,1.6
2020-02-08 10:56:00,,1.1
2020-02-08 17:23:00,1.6,1.6
2020-02-08 23:13:00,0.5,0.5
2020-02-09 05:17:00,,1.1
2020-02-09 11:38:00,0.2,0.2
2020-02-09 18:06:00,1.7,1.7
2020-02-09 23:59:00,0.5,0.5
2020-02-10 06:03:00,,1.1
2020-02-10 12:19:00,0.2,0.2
2020-02-10 18:48:00,1.8,1.8
2020-02-11 00:44:00,0.4,0.4
2020-02-11 06:48:00,,1.1
2020-02-11 13:00:00,0.2,0.2
2020-02-11 19:32:00,1.8,1.8
2020-02-12 01:30:00,,1.1
2020-02-12 07:34:00,,1.1
2020-02-12 13:42:00,0.2,0.2
2020-02-12 20:15:00,,1.1
2020-02-13 02:17:00,,1.1
2020-02-13 08:22:00,1.6,1.6
2020-02-13 14:25:00,,1.1
2020-02-13 21:01:00,1.7,1.7
2020-02-14 03:08:00,0.5,0.5
2020-02-14 09:13:00,,1.1
2020-02-14 15:12:00,0.4,0.4
2020-02-14 21:50:00,1.6,1.6
2020-02-15 04:04:00,0.6,0.6
2020-02-15 10:12:00,,1.1
2020-02-15 16:04:00,0.6,0.6
2020-02-15 22:46:00,1.5,1.5
2020-02-16 05:12:00,0.6,0.6
2020-02-16 11:26:00,1.2,1.2
2020-02-16 17:09:00,0.7,0.7
2020-02-16 23:52:00,,1.1
2020-02-17 06:34:00,0.6,0.6
2020-02-17 12:57:00,1.2,1.2
2020-02-17 18:33:00,0.8,0.8
2020-02-18 01:07:00,1.4,1.4
2020-02-18 07:56:00,,1.1
2020-02-18 14:27:00,1.2,1.2
2020-02-18 20:03:00,0.8,0.8
2020-02-19 02:20:00,,1.1
2020-02-19 09:00:00,0.6,0.6
2020-02-19 15:34:00,1.3,1.3
2020-02-19 21:13:00,0.8,0.8
2020-02-20 03:19:00,1.4,1.4
2020-02-20 09:48:00,0.5,0.5
2020-02-20 16:23:00,,1.1
2020-02-20 22:04:00,0.7,0.7
2020-02-21 04:07:00,,1.1
2020-02-21 10:27:00,0.4,0.4
2020-02-21 17:02:00,1.5,1.5
2020-02-21 22:44:00,0.7,0.7
2020-02-22 04:46:00,1.5,1.5
2020-02-22 11:01:00,0.4,0.4
2020-02-22 17:35:00,,1.1
2020-02-22 23:19:00,,1.1
2020-02-23 05:20:00,1.5,1.5
2020-02-23 11:33:00,,1.1
2020-02-23 18:05:00,1.6,1.6
2020-02-23 23:52:00,0.6,0.6
2020-02-24 05:52:00,1.5,1.5
2020-02-24 12:03:00,0.3,0.3
2020-02-24 18:33:00,,1.1
2020-02-25 00:23:00,0.5,0.5
2020-02-25 06:23:00,1.5,1.5
2020-02-25 12:33:00,0.3,0.3
2020-02-25 19:00:00,1.6,1.6
2020-02-26 00:54:00,0.5,0.5
2020-02-26 06:54:00,,1.1
2020-02-26 13:02:00,,1.1
2020-02-26 19:27:00,,1.1
2020-02-27 01:26:00,,1.1
2020-02-27 07:25:00,1.5,1.5
2020-02-27 13:31:00,0.4,0.4
2020-02-27 19:54:00,,1.1
2020-02-28 01:59:00,0.5,0.5
2020-02-28 07:57:00,1.4,1.4
2020-02-28 14:01:00,,1.1
2020-02-28 20:23:00,1.5,1.5
2020-02-29 02:34:00,,1.1
2020-02-29 08:33:00,1.4,1.4
2020-02-29 14:32:00,0.5,0.5
2020-02-29 20:56:00,1.5,1.5
2020-03-01 03:14:00,,1.1
2020-03-01 09:16:00,1.3,1.3
2020-03-01 15:09:00,,1.1
2020-03-01 21:37:00,1.4,1.4
2020-03-02 04:05:00,0.6,0.6
2020-03-02 10:12:00,1.2,1.2
2020-03-02 15:57:00,,1.1
2020-03-02 22:30:00,1.4,1.4
2020-03-03 05:13:00,,1.1
2020-03-03 11:30:00,1.2,1.2
2020-03-03 17:10:00,0.8,0.8
2020-03-03 23:42:00,,1.1
2020-03-04 06:39:00,,1.1
2020-03-04 13:07:00,,1.1
2020-03-04 18:50:00,0.8,0.8
2020-03-05 01:07:00,1.3,1.3
2020-03-05 07:58:00,0.6,0.6
2020-03-05 14:28:00,1.3,1.3
2020-03-05 20:18:00,,1.1
2020-03-06 02:23:00,1.4,1.4
2020-03-06 08:59:00,,1.1
2020-03-06 15:28:00,1.4,1.4
2020-03-06 21:22:00,,1.1
2020-03-07 03:25:00,1.5,1.5
2020-03-07 09:50:00,,1.1
2020-03-07 16:17:00,1.5,1.5
2020-03-07 22:14:00,,1.1
2020-03-08 04:18:00,,1.1
2020-03-08 10:35:00,0.2,0.2
2020-03-08 17:01:00,1.7,1.7
2020-03-08 23:00:00,,1.1
2020-03-09 05:05:00,,1.1
2020-03-09 11:17:00,,1.1
2020-03-09 17:43:00,1.8,1.8
2020-03-09 23:45:00,0.3,0.3
2020-03-10 05:51:00,1.7,1.7
2020-03-10 11:59:00,0.1,0.1
2020-03-10 18:25:00,,1.1
2020-03-11 00:27:00,0.3,0.3
2020-03-11 06:35:00,,1.1
2020-03-11 12:40:00,,1.1
2020-03-11 19:06:00,1.8,1.8
2020-03-12 01:10:00,,1.1
2020-03-12 07:20:00,1.6,1.6
2020-03-12 13:21:00,,1.1
2020-03-12 19:47:00,1.7,1.7
2020-03-13 01:54:00,0.3,0.3
2020-03-13 08:06:00,1.6,1.6
2020-03-13 14:03:00,0.3,0.3
2020-03-13 20:30:00,,1.1
2020-03-14 02:40:00,0.4,0.4
2020-03-14 08:56:00,1.5,1.5
2020-03-14 14:47:00,,1.1
2020-03-14 21:15:00,,1.1
2020-03-15 03:31:00,,1.1
2020-03-15 09:52:00,1.3,1.3
2020-03-15 15:37:00,,1.1
2020-03-15 22:07:00,1.4,1.4
2020-03-16 04:33:00,0.6,0.6
2020-03-16 11:04:00,1.2,1.2
2020-03-16 16:42:00,0.7,0.7
2020-03-16 23:13:00,1.3,1.3
2020-03-17 05:52:00,0.6,0.6
2020-03-17 12:39:00,,1.1
2020-03-17 18:19:00,0.8,0.8
2020-03-18 00:38:00,,1.1
2020-03-18 07:23:00,0.6,0.6
2020-03-18 14:12:00,,1.1
2020-03-18 20:02:00,0.8,0.8
2020-03-19 02:02:00,1.2,1.2
2020-03-19 08:34:00,,1.1
2020-03-19 15:17:00,,1.1
2020-03-19 21:10:00,0.8,0.8
2020-03-20 03:06:00,1.3,1.3
2020-03-20 09:24:00,0.5,0.5
2020-03-20 16:01:00,1.4,1.4
2020-03-20 21:55:00,,1.1
2020-03-21 03:52:00,1.3,1.3
2020-03-21 10:03:00,0.5,0.5
2020-03-21 16:36:00,1.5,1.5
2020-03-21 22:30:00,,1.1
2020-03-22 04:30:00,,1.1
2020-03-22 10:36:00,0.4,0.4
2020-03-22 17:05:00,1.5,1.5
2020-03-22 23:00:00,0.5,0.5
2020-03-23 05:03:00,,1.1
2020-03-23 11:06:00,0.4,0.4
2020-03-23 17:32:00,1.5,1.5
2020-03-23 23:30:00,,1.1
2020-03-24 05:33:00,,1.1
2020-03-24 11:35:00,0.3,0.3
2020-03-24 17:58:00,,1.1
2020-03-24 23:59:00,0.4,0.4
2020-03-25 06:03:00,,1.1
2020-03-25 12:04:00,0.4,0.4
2020-03-25 18:23:00,,1.1
2020-03-26 00:28:00,0.4,0.4
2020-03-26 06:33:00,1.5,1.5
2020-03-26 12:32:00,0.4,0.4
2020-03-26 18:48:00,,1.1
2020-03-27 00:58:00,0.4,0.4
2020-03-27 07:03:00,,1.1
2020-03-27 13:00:00,0.4,0.4
2020-03-27 19:14:00,1.6,1.6
2020-03-28 01:28:00,0.4,0.4
2020-03-28 07:36:00,1.4,1.4
2020-03-28 13:30:00,0.5,0.5
2020-03-28 19:43:00,,1.1
2020-03-29 02:02:00,0.4,0.4
2020-03-29 08:11:00,1.4,1.4
2020-03-29 14:02:00,0.5,0.5
2020-03-29 20:16:00,,1.1
2020-03-30 02:39:00,0.5,0.5
2020-03-30 08:54:00,,1.1
2020-03-30 14:40:00,0.6,0.6
2020-03-30 20:56:00,1.4,1.4
2020-03-31 03:26:00,0.5,0.5
2020-03-31 09:49:00,,1.1
2020-03-31 15:32:00,0.7,0.7
2020-03-31 21:50:00,,1.1
2020-04-01 04:29:00,,1.1
2020-04-01 11:06:00,1.2,1.2
2020-04-01 16:49:00,,1.1
2020-04-01 23:06:00,,1.1
2020-04-02 05:53:00,0.6,0.6
2020-04-02 12:39:00,,1.1
2020-04-02 18:36:00,,1.1
2020-04-03 00:40:00,,1.1
2020-04-03 07:19:00,,1.1
2020-04-03 13:59:00,,1.1
2020-04-03 20:04:00,0.7,0.7
2020-04-04 02:03:00,1.3,1.3
2020-04-04 08:27:00,0.4,0.4
2020-04-04 15:00:00,1.5,1.5
2020-04-04 21:07:00,0.5,0.5
2020-04-05 03:07:00,,1.1
2020-04-05 09:22:00,,1.1
2020-04-05 15:49:00,,1.1
2020-04-05 21:58:00,0.4,0.4
2020-04-06 04:01:00,,1.1
2020-04-06 10:09:00,0.2,0.2
2020-04-06 16:34:00,1.7,1.7
2020-04-06 22:43:00,0.3,0.3
2020-04-07 04:50:00,1.6,1.6
2020-04-07 10:53:00,0.2,0.2
2020-04-07 17:16:00,,1.1
2020-04-07 23:25:00,,1.1
2020-04-08 05:35:00,1.6,1.6
2020-04-08 11:35:00,0.2,0.2
2020-04-08 17:57:00,1.8,1.8
2020-04-09 00:07:00,0.2,0.2
2020-04-09 06:20:00,1.6,1.6
2020-04-09 12:16:00,0.2,0.2
2020-04-09 18:37:00,1.8,1.8
2020-04-10 00:49:00,0.2,0.2
2020-04-10 07:05:00,1.6,1.6
2020-04-10 12:58:00,,1.1
2020-04-10 19:18:00,,1.1
2020-04-11 01:31:00,,1.1
2020-04-11 07:51:00,,1.1
2020-04-11 13:40:00,,1.1
2020-04-11 19:59:00,1.6,1.6
2020-04-12 02:15:00,0.3,0.3
2020-04-12 08:40:00,1.4,1.4
2020-04-12 14:25:00,0.5,0.5
2020-04-12 20:42:00,1.5,1.5
2020-04-13 03:02:00,,1.1
2020-04-13 09:37:00,1.3,1.3
2020-04-13 15:16:00,0.7,0.7
2020-04-13 21:31:00,1.3,1.3
2020-04-14 03:57:00,,1.1
2020-04-14 10:46:00,1.2,1.2
2020-04-14 16:24:00,0.8,0.8
2020-04-14 22:34:00,1.2,1.2
2020-04-15 05:09:00,0.6,0.6
2020-04-15 12:14:00,,1.1
2020-04-15 18:06:00,,1.1
2020-04-16 00:01:00,1.1,1.1
2020-04-16 06:36:00,,1.1
2020-04-16 13:39:00,1.2,1.2
2020-04-16 19:48:00,0.8,0.8
2020-04-17 01:31:00,,1.1
2020-04-17 07:51:00,0.6,0.6
2020-04-17 14:41:00,1.3,1.3
2020-04-17 20:50:00,0.7,0.7
2020-04-18 02:38:00,1.2,1.2
2020-04-18 08:44:00,0.5,0.5
2020-04-18 15:24:00,,1.1
2020-04-18 21:31:00,0.6,0.6
2020-04-19 03:27:00,1.2,1.2
2020-04-19 09:25:00,,1.1
2020-04-19 15:58:00,1.4,1.4
2020-04-19 22:04:00,,1.1
2020-04-20 04:05:00,,1.1
2020-04-20 10:01:00,0.4,0.4
2020-04-20 16:26:00,1.5,1.5
2020-04-20 22:34:00,0.5,0.5
2020-04-21 04:39:00,,1.1
2020-04-21 10:32:00,,1.1
2020-04-21 16:53:00,1.5,1.5
2020-04-21 23:03:00,,1.1
2020-04-22 05:11:00,1.4,1.4
2020-04-22 11:03:00,0.4,0.4
2020-04-22 17:19:00,,1.1
2020-04-22 23:32:00,,1.1
2020-04-23 05:41:00,1.4,1.4
2020-04-23 11:33:00,0.4,0.4
2020-04-23 17:45:00,,1.1
2020-04-24 00:01:00,0.3,0.3
2020-04-24 06:13:00,,1.1
2020-04-24 12:02:00,0.4,0.4
2020-04-24 18:12:00,,1.1
2020-04-25 00:32:00,0.3,0.3
2020-04-25 06:45:00,1.4,1.4
2020-04-25 12:33:00,,1.1
2020-04-25 18:41:00,1.5,1.5
2020-04-26 01:03:00,0.3,0.3
2020-04-26 07:19:00,1.4,1.4
2020-04-26 13:05:00,0.5,0.5
2020-04-26 19:12:00,1.5,1.5
2020-04-27 01:37:00,,1.1
2020-04-27 07:58:00,1.4,1.4
2020-04-27 13:42:00,0.6,0.6
2020-04-27 19:48:00,1.4,1.4
2020-04-28 02:16:00,0.4,0.4
2020-04-28 08:44:00,,1.1
2020-04-28 14:26:00,0.6,0.6
2020-04-28 20:32:00,,1.1
2020-04-29 03:04:00,,1.1
2020-04-29 09:42:00,,1.1
2020-04-29 15:25:00,,1.1
2020-04-29 21:29:00,,1.1
2020-04-30 04:04:00,0.5,0.5
2020-04-30 10:55:00,,1.1
2020-04-30 16:47:00,0.7,0.7
2020-04-30 22:47:00,1.2,1.2
2020-05-01 05:20:00,0.5,0.5
2020-05-01 12:15:00,,1.1
2020-05-01 18:25:00,,1.1
2020-05-02 00:18:00,,1.1
2020-05-02 06:42:00,0.5,0.5
2020-05-02 13:28:00,,1.1
2020-05-02 19:46:00,0.6,0.6
2020-05-03 01:40:00,,1.1
2020-05-03 07:52:00,,1.1
2020-05-03 14:28:00,1.5,1.5
2020-05-03 20:47:00,,1.1
2020-05-04 02:46:00,,1.1
2020-05-04 08:50:00,0.3,0.3
2020-05-04 15:18:00,1.6,1.6
2020-05-04 21:37:00,,1.1
2020-05-05 03:43:00,,1.1
2020-05-05 09:40:00,,1.1
2020-05-05 16:04:00,1.7,1.7
2020-05-05 22:22:00,0.2,0.2
2020-05-06 04:33:00,1.5,1.5
2020-05-06 10:27:00,,1.1
2020-05-06 16:48:00,1.7,1.7
2020-05-06 23:05:00,0.1,0.1
2020-05-07 05:20:00,,1.1
2020-05-07 11:11:00,0.3,0.3
2020-05-07 17:29:00,,1.1
2020-05-07 23:47:00,0.1,0.1
2020-05-08 06:06:00,1.6,1.6
2020-05-08 11:54:00,0.3,0.3
2020-05-08 18:10:00,1.7,1.7
2020-05-09 00:28:00,0.1,0.1
2020-05-09 06:52:00,,1.1
2020-05-09 12:37:00,0.4,0.4
2020-05-09 18:50:00,,1.1
2020-05-10 01:09:00,0.2,0.2
2020-05-10 07:38:00,,1.1
2020-05-10 13:20:00,0.5,0.5
2020-05-10 19:31:00,,1.1
2020-05-11 01:51:00,,1.1
2020-05-11 08:28:00,1.4,1.4
2020-05-11 14:07:00,0.6,0.6
2020-05-11 20:13:00,,1.1
2020-05-12 02:36:00,0.3,0.3
2020-05-12 09:22:00,1.3,1.3
2020-05-12 15:00:00,,1.1
2020-05-12 21:00:00,,1.1
2020-05-13 03:27:00,,1.1
2020-05-13 10:25:00,,1.1
2020-05-13 16:06:00,0.8,0.8
2020-05-13 21:58:00,1.2,1.2
2020-05-14 04:26:00,0.5,0.5
2020-05-14 11:36:00,1.2,1.2
2020-05-14 17:35:00,0.8,0.8
2020-05-14 23:14:00,,1.1
2020-05-15 05:37:00,0.6,0.6
2020-05-15 12:48:00,1.3,1.3
2020-05-15 19:05:00,,1.1
2020-05-16 00:39:00,,1.1
2020-05-16 06:49:00,,1.1
2020-05-16 13:46:00,1.3,1.3
2020-05-16 20:08:00,0.7,0.7
2020-05-17 01:52:00,1.1,1.1
2020-05-17 07:49:00,0.6,0.6
2020-05-17 14:32:00,,1.1
2020-05-17 20:53:00,,1.1
2020-05-18 02:47:00,1.2,1.2
2020-05-18 08:37:00,0.5,0.5
2020-05-18 15:09:00,1.4,1.4
2020-05-18 21:29:00,0.5,0.5
2020-05-19 03:32:00,,1.1
2020-05-19 09:17:00,0.5,0.5
2020-05-19 15:41:00,,1.1
2020-05-19 22:02:00,,1.1
2020-05-20 04:10:00,,1.1
2020-05-20 09:54:00,0.5,0.5
2020-05-20 16:11:00,,1.1
2020-05-20 22:34:00,,1.1
2020-05-21 04:45:00,1.3,1.3
2020-05-21 10:29:00,0.5,0.5
2020-05-21 16:40:00,1.5,1.5
2020-05-21 23:05:00,,1.1
2020-05-22 05:20:00,,1.1
2020-05-22 11:02:00,,1.1
2020-05-22 17:11:00,,1.1
2020-05-22 23:37:00,,1.1
2020-05-23 05:54:00,,1.1
2020-05-23 11:36:00,0.5,0.5
2020-05-23 17:42:00,1.5,1.5
2020-05-24 00:10:00,0.2,0.2
2020-05-24 06:30:00,1.4,1.4
2020-05-24 12:12:00,0.5,0.5
2020-05-24 18:16:00,,1.1
2020-05-25 00:44:00,,1.1
2020-05-25 07:09:00,,1.1
2020-05-25 12:50:00,0.5,0.5
2020-05-25 18:52:00,,1.1
2020-05-26 01:21:00,0.2,0.2
2020-05-26 07:52:00,,1.1
2020-05-26 13:33:00,,1.1
2020-05-26 19:34:00,1.4,1.4
2020-05-27 02:03:00,,1.1
2020-05-27 08:40:00,1.4,1.4
2020-05-27 14:23:00,,1.1
2020-05-27 20:22:00,,1.1
2020-05-28 02:50:00,0.3,0.3
2020-05-28 09:37:00,1.3,1.3
2020-05-28 15:25:00,,1.1
2020-05-28 21:21:00,,1.1
2020-05-29 03:47:00,0.4,0.4
2020-05-29 10:41:00,,1.1
2020-05-29 16:42:00,0.7,0.7
2020-05-29 22:34:00,,1.1
2020-05-30 04:54:00,,1.1
2020-05-30 11:50:00,1.4,1.4
2020-05-30 18:07:00,0.6,0.6
2020-05-30 23:56:00,1.2,1.2
2020-05-31 06:06:00,0.4,0.4
2020-05-31 12:55:00,1.4,1.4
2020-05-31 19:22:00,,1.1
2020-06-01 01:15:00,1.2,1.2
2020-06-01 07:16:00,0.4,0.4
2020-06-01 13:55:00,1.5,1.5
2020-06-01 20:24:00,0.4,0.4
2020-06-02 02:25:00,1.3,1.3
2020-06-02 08:18:00,,1.1
2020-06-02 14:48:00,1.6,1.6
2020-06-02 21:16:00,,1.1
2020-06-03 03:24:00,1.3,1.3
2020-06-03 09:13:00,0.4,0.4
2020-06-03 15:36:00,1.6,1.6
2020-06-03 22:03:00,0.2,0.2
2020-06-04 04:18:00,,1.1
2020-06-04 10:03:00,0.4,0.4
2020-06-04 16:22:00,1.6,1.6
2020-06-04 22:47:00,,1.1
2020-06-05 05:07:00,1.4,1.4
2020-06-05 10:50:00,,1.1
2020-06-05 17:05:00,,1.1
2020-06-05 23:29:00,,1.1
2020-06-06 05:54:00,,1.1
2020-06-06 11:35:00,0.4,0.4
2020-06-06 17:47:00,,1.1
2020-06-07 00:10:00,,1.1
2020-06-07 06:41:00,1.5,1.5
2020-06-07 12:19:00,0.5,0.5
2020-06-07 18:28:00,,1.1
2020-06-08 00:50:00,0.1,0.1
2020-06-08 07:26:00,1.4,1.4
2020-06-08 13:04:00,0.5,0.5
2020-06-08 19:08:00,1.4,1.4
2020-06-09 01:31:00,0.2,0.2
2020-06-09 08:13:00,1.4,1.4
2020-06-09 13:50:00,0.6,0.6
2020-06-09 19:49:00,1.3,1.3
2020-06-10 02:12:00,,1.1
2020-06-10 09:02:00,1.4,1.4
2020-06-10 14:41:00,0.7,0.7
2020-06-10 20:33:00,1.3,1.3
2020-06-11 02:57:00,,1.1
2020-06-11 09:53:00,,1.1
2020-06-11 15:38:00,0.7,0.7
2020-06-11 21:23:00,,1.1
2020-06-12 03:45:00,,1.1
2020-06-12 10:48:00,1.3,1.3
2020-06-12 16:46:00,0.7,0.7
2020-06-12 22:22:00,1.1,1.1
2020-06-13 04:40:00,0.5,0.5
2020-06-13 11:45:00,1.3,1.3
2020-06-13 18:01:00,,1.1
2020-06-13 23:34:00,1.1,1.1
2020-06-14 05:41:00,,1.1
2020-06-14 12:39:00,,1.1
2020-06-14 19:08:00,0.7,0.7
2020-06-15 00:49:00,1.0,1.0
2020-06-15 06:43:00,0.6,0.6
2020-06-15 13:29:00,1.3,1.3
2020-06-15 20:03:00,0.6,0.6
2020-06-16 01:56:00,1.1,1.1
2020-06-16 07:40:00,0.6,0.6
2020-06-16 14:12:00,1.3,1.3
2020-06-16 20:48:00,0.5,0.5
2020-06-17 02:52:00,1.1,1.1
2020-06-17 08:30:00,,1.1
2020-06-17 14:52:00,1.4,1.4
2020-06-17 21:28:00,,1.1
2020-06-18 03:39:00,,1.1
2020-06-18 09:15:00,,1.1
2020-06-18 15:29:00,,1.1
2020-06-18 22:04:00,0.3,0.3
2020-06-19 04:20:00,,1.1
2020-06-19 09:56:00,0.5,0.5
2020-06-19 16:06:00,1.5,1.5
2020-06-19 22:40:00,,1.1
2020-06-20 05:00:00,1.3,1.3
2020-06-20 10:37:00,0.5,0.5
2020-06-20 16:43:00,1.5,1.5
2020-06-20 23:16:00,0.2,0.2
2020-06-21 05:39:00,1.3,1.3
2020-06-21 11:17:00,,1.1
2020-06-21 17:21:00,,1.1
2020-06-21 23:52:00,0.2,0.2
2020-06-22 06:18:00,1.4,1.4
2020-06-22 11:58:00,0.5,0.5
2020-06-22 18:00:00,1.5,1.5
2020-06-23 00:30:00,0.2,0.2
2020-06-23 07:00:00,1.4,1.4
2020-06-23 12:42:00,,1.1
2020-06-23 18:42:00,1.5,1.5
2020-06-24 01:09:00,,1.1
2020-06-24 07:44:00,,1.1
2020-06-24 13:29:00,,1.1
2020-06-24 19:27:00,,1.1
2020-06-25 01:52:00,0.2,0.2
2020-06-25 08:32:00,1.4,1.4
2020-06-25 14:20:00,0.5,0.5
2020-06-25 20:17:00,1.4,1.4
2020-06-26 02:38:00,,1.1
2020-06-26 09:23:00,1.4,1.4
2020-06-26 15:19:00,0.6,0.6
2020-06-26 21:14:00,1.3,1.3
2020-06-27 03:29:00,0.3,0.3
2020-06-27 10:20:00,1.4,1.4
2020-06-27 16:26:00,0.6,0.6
2020-06-27 22:19:00,,1.1
2020-06-28 04:28:00,,1.1
2020-06-28 11:20:00,1.4,1.4
2020-06-28 17:40:00,,1.1
2020-06-28 23:33:00,,1.1
2020-06-29 05:33:00,,1.1
2020-06-29 12:22:00,1.5,1.5
2020-06-29 18:54:00,,1.1
2020-06-30 00:51:00,1.2,1.2
2020-06-30 06:43:00,0.5,0.5
2020-06-30 13:23:00,,1.1
2020-06-30 20:00:00,0.4,0.4
2020-07-01 02:05:00,,1.1
2020-07-01 07:50:00,0.5,0.5
2020-07-01 14:21:00,1.5,1.5
2020-07-01 20:56:00,0.3,0.3
2020-07-02 03:11:00,,1.1
2020-07-02 08:51:00,0.5,0.5
2020-07-02 15:14:00,,1.1
2020-07-02 21:47:00,,1.1
2020-07-03 04:08:00,1.3,1.3
2020-07-03 09:46:00,0.5,0.5
2020-07-03 16:03:00,,1.1
2020-07-03 22:32:00,0.2,0.2
2020-07-04 04:59:00,1.4,1.4
2020-07-04 10:36:00,,1.1
2020-07-04 16:48:00,,1.1
2020-07-04 23:14:00,,1.1
2020-07-05 05:45:00,1.4,1.4
2020-07-05 11:23:00,,1.1
2020-07-05 17:30:00,1.5,1.5
2020-07-05 23:53:00,0.1,0.1
2020-07-06 06:29:00,,1.1
2020-07-06 12:06:00,0.5,0.5
2020-07-06 18:10:00,1.5,1.5
2020-07-07 00:32:00,0.2,0.2
2020-07-07 07:11:00,1.4,1.4
2020-07-07 12:49:00,0.5,0.5
2020-07-07 18:49:00,,1.1
2020-07-08 01:09:00,,1.1
2020-07-08 07:51:00,1.4,1.4
2020-07-08 13:31:00,0.6,0.6
2020-07-08 19:27:00,,1.1
2020-07-09 01:47:00,,1.1
2020-07-09 08:31:00,1.4,1.4
2020-07-09 14:15:00,,1.1
2020-07-09 20:06:00,1.3,1.3
2020-07-10 02:25:00,0.3,0.3
2020-07-10 09:12:00,1.4,1.4
2020-07-10 15:01:00,0.6,0.6
2020-07-10 20:48:00,1.2,1.2
2020-07-11 03:05:00,,1.1
2020-07-11 09:54:00,,1.1
2020-07-11 15:52:00,0.7,0.7
2020-07-11 21:35:00,,1.1
2020-07-12 03:48:00,0.5,0.5
2020-07-12 10:38:00,1.3,1.3
2020-07-12 16:51:00,0.7,0.7
2020-07-12 22:32:00,1.1,1.1
2020-07-13 04:36:00,,1.1
2020-07-13 11:27:00,1.3,1.3
2020-07-13 17:57:00,0.6,0.6
2020-07-13 23:40:00,,1.1
2020-07-14 05:34:00,0.6,0.6
2020-07-14 12:18:00,,1.1
2020-07-14 19:03:00,0.6,0.6
2020-07-15 00:56:00,,1.1
2020-07-15 06:38:00,0.6,0.6
2020-07-15 13:12:00,,1.1
2020-07-15 20:02:00,,1.1
2020-07-16 02:08:00,1.1,1.1
2020-07-16 07:42:00,0.7,0.7
2020-07-16 14:03:00,1.3,1.3
2020-07-16 20:51:00,,1.1
2020-07-17 03:07:00,,1.1
2020-07-17 08:40:00,0.6,0.6
2020-07-17 14:53:00,1.4,1.4
2020-07-17 21:36:00,,1.1
2020-07-18 03:56:00,1.2,1.2
2020-07-18 09:31:00,,1.1
2020-07-18 15:39:00,1.4,1.4
2020-07-18 22:16:00,0.3,0.3
2020-07-19 04:41:00,1.3,1.3
2020-07-19 10:19:00,0.5,0.5
2020-07-19 16:23:00,1.5,1.5
2020-07-19 22:56:00,0.2,0.2
2020-07-20 05:22:00,1.4,1.4
2020-07-20 11:04:00,,1.1
2020-07-20 17:07:00,,1.1
2020-07-20 23:35:00,0.1,0.1
2020-07-21 06:03:00,1.5,1.5
2020-07-21 11:48:00,,1.1
2020-07-21 17:50:00,,1.1
2020-07-22 00:14:00,0.1,0.1
2020-07-22 06:45:00,1.5,1.5
2020-07-22 12:33:00,0.4,0.4
2020-07-22 18:34:00,,1.1
2020-07-23 00:54:00,0.1,0.1
2020-07-23 07:28:00,,1.1
2020-07-23 13:20:00,,1.1
2020-07-23 19:20:00,1.5,1.5
2020-07-24 01:36:00,0.1,0.1
2020-07-24 08:13:00,1.6,1.6
2020-07-24 14:08:00,,1.1
2020-07-24 20:09:00,1.4,1.4
2020-07-25 02:20:00,,1.1
2020-07-25 09:00:00,1.5,1.5
2020-07-25 15:02:00,,1.1
2020-07-25 21:01:00,,1.1
2020-07-26 03:08:00,0.3,0.3
2020-07-26 09:51:00,,1.1
2020-07-26 16:01:00,0.5,0.5
2020-07-26 22:01:00,,1.1
2020-07-27 04:01:00,,1.1
2020-07-27 10:48:00,1.5,1.5
2020-07-27 17:08:00,0.5,0.5
2020-07-27 23:11:00,1.2,1.2
2020-07-28 05:03:00,,1.1
2020-07-28 11:49:00,,1.1
2020-07-28 18:23:00,0.5,0.5
2020-07-29 00:31:00,1.2,1.2
2020-07-29 06:15:00,0.6,0.6
2020-07-29 12:55:00,1.4,1.4
2020-07-29 19:37:00,,1.1
2020-07-30 01:53:00,,1.1
2020-07-30 07:32:00,0.6,0.6
2020-07-30 14:00:00,1.4,1.4
2020-07-30 20:41:00,,1.1
2020-07-31 03:05:00,1.2,1.2
2020-07-31 08:42:00,0.6,0.6
2020-07-31 15:00:00,,1.1
2020-07-31 21:35:00,0.3,0.3
2020-08-01 04:03:00,1.3,1.3
2020-08-01 09:41:00,,1.1
2020-08-01 15:52:00,1.4,1.4
2020-08-01 22:20:00,,1.1
2020-08-02 04:52:00,,1.1
2020-08-02 10:31:00,0.6,0.6
2020-08-02 16:37:00,1.5,1.5
2020-08-02 23:00:00,0.2,0.2
2020-08-03 05:34:00,1.4,1.4
2020-08-03 11:14:00,0.5,0.5
2020-08-03 17:18:00,,1.1
2020-08-03 23:36:00,0.2,0.2
2020-08-04 06:12:00,,1.1
2020-08-04 11:53:00,0.5,0.5
2020-08-04 17:55:00,,1.1
2020-08-05 00:11:00,,1.1
2020-08-05 06:47:00,1.5,1.5
2020-08-05 12:31:00,0.5,0.5
2020-08-05 18:30:00,1.4,1.4
2020-08-06 00:45:00,0.2,0.2
2020-08-06 07:20:00,1.5,1.5
2020-08-06 13:07:00,0.5,0.5
2020-08-06 19:04:00,1.4,1.4
2020-08-07 01:18:00,0.2,0.2
2020-08-07 07:53:00,1.5,1.5
2020-08-07 13:43:00,0.5,0.5
2020-08-07 19:39:00,,1.1
2020-08-08 01:51:00,0.3,0.3
2020-08-08 08:25:00,,1.1
2020-08-08 14:21:00,,1.1
2020-08-08 20:14:00,,1.1
2020-08-09 02:24:00,0.4,0.4
2020-08-09 08:58:00,1.4,1.4
2020-08-09 15:02:00,,1.1
2020-08-09 20:54:00,1.2,1.2
2020-08-10 03:00:00,0.5,0.5
2020-08-10 09:35:00,,1.1
2020-08-10 15:49:00,,1.1
2020-08-10 21:41:00,1.2,1.2
2020-08-11 03:40:00,,1.1
2020-08-11 10:16:00,1.3,1.3
2020-08-11 16:45:00,,1.1
2020-08-11 22:40:00,,1.1
2020-08-12 04:29:00,0.6,0.6
2020-08-12 11:08:00,,1.1
2020-08-12 17:54:00,,1.1
2020-08-12 23:57:00,1.1,1.1
2020-08-13 05:37:00,,1.1
2020-08-13 12:11:00,1.3,1.3
2020-08-13 19:09:00,0.6,0.6
2020-08-14 01:23:00,,1.1
2020-08-14 06:59:00,0.7,0.7
2020-08-14 13:19:00,,1.1
2020-08-14 20:14:00,0.5,0.5
2020-08-15 02:37:00,1.1,1.1
2020-08-15 08:14:00,,1.1
2020-08-15 14:23:00,,1.1
2020-08-15 21:07:00,0.4,0.4
2020-08-16 03:32:00,,1.1
2020-08-16 09:14:00,,1.1
2020-08-16 15:19:00,,1.1
2020-08-16 21:53:00,0.3,0.3
2020-08-17 04:19:00,1.4,1.4
2020-08-17 10:05:00,,1.1
2020-08-17 16:08:00,,1.1
2020-08-17 22:35:00,,1.1
2020-08-18 05:01:00,,1.1
2020-08-18 10:52:00,,1.1
2020-08-18 16:54:00,1.5,1.5
2020-08-18 23:15:00,0.1,0.1
2020-08-19 05:42:00,,1.1
2020-08-19 11:36:00,0.4,0.4
2020-08-19 17:39:00,1.6,1.6
2020-08-19 23:55:00,0.1,0.1
2020-08-20 06:23:00,1.6,1.6
2020-08-20 12:19:00,0.3,0.3
2020-08-20 18:24:00,,1.1
2020-08-21 00:35:00,0.1,0.1
2020-08-21 07:04:00,,1.1
2020-08-21 13:04:00,0.3,0.3
2020-08-21 19:09:00,1.6,1.6
2020-08-22 01:17:00,0.1,0.1
2020-08-22 07:47:00,1.7,1.7
2020-08-22 13:49:00,0.3,0.3
2020-08-22 19:55:00,1.5,1.5
2020-08-23 01:59:00,,1.1
2020-08-23 08:32:00,1.6,1.6
2020-08-23 14:38:00,,1.1
2020-08-23 20:46:00,1.4,1.4
2020-08-24 02:44:00,,1.1
2020-08-24 09:19:00,1.5,1.5
2020-08-24 15:32:00,0.4,0.4
2020-08-24 21:43:00,1.3,1.3
2020-08-25 03:35:00,0.5,0.5
2020-08-25 10:13:00,,1.1
2020-08-25 16:35:00,0.5,0.5
2020-08-25 22:52:00,1.2,1.2
2020-08-26 04:37:00,0.6,0.6
2020-08-26 11:17:00,,1.1
2020-08-26 17:52:00,,1.1
2020-08-27 00:17:00,1.2,1.2
2020-08-27 05:58:00,,1.1
2020-08-27 12:31:00,,1.1
2020-08-27 19:16:00,,1.1
2020-08-28 01:48:00,1.2,1.2
2020-08-28 07:30:00,,1.1
2020-08-28 13:48:00,1.3,1.3
2020-08-28 20:27:00,0.5,0.5
2020-08-29 03:02:00,1.3,1.3
2020-08-29 08:46:00,0.7,0.7
2020-08-29 14:53:00,,1.1
2020-08-29 21:22:00,0.4,0.4
2020-08-30 03:56:00,,1.1
2020-08-30 09:42:00,,1.1
2020-08-30 15:45:00,1.4,1.4
2020-08-30 22:05:00,,1.1
2020-08-31 04:39:00,,1.1
2020-08-31 10:26:00,0.6,0.6
2020-08-31 16:28:00,,1.1
2020-08-31 22:42:00,0.3,0.3
2020-09-01 05:14:00,1.5,1.5
2020-09-01 11:03:00,,1.1
2020-09-01 17:05:00,1.4,1.4
2020-09-01 23:15:00,,1.1
2020-09-02 05:46:00,,1.1
2020-09-02 11:36:00,,1.1
2020-09-02 17:38:00,1.5,1.5
2020-09-02 23:46:00,0.3,0.3
2020-09-03 06:15:00,,1.1
2020-09-03 12:07:00,0.5,0.5
2020-09-03 18:10:00,,1.1
2020-09-04 00:16:00,,1.1
2020-09-04 06:43:00,1.5,1.5
2020-09-04 12:39:00,,1.1
2020-09-04 18:41:00,1.4,1.4
2020-09-05 00:46:00,0.3,0.3
2020-09-05 07:10:00,1.5,1.5
2020-09-05 13:11:00,0.4,0.4
2020-09-05 19:12:00,1.4,1.4
2020-09-06 01:16:00,,1.1
2020-09-06 07:38:00,1.5,1.5
2020-09-06 13:43:00,,1.1
2020-09-06 19:45:00,,1.1
2020-09-07 01:46:00,,1.1
2020-09-07 08:07:00,1.5,1.5
2020-09-07 14:18:00,0.5,0.5
2020-09-07 20:20:00,,1.1
2020-09-08 02:18:00,0.5,0.5
2020-09-08 08:38:00,1.4,1.4
2020-09-08 14:58:00,0.5,0.5
2020-09-08 21:02:00,1.2,1.2
2020-09-09 02:53:00,0.6,0.6
2020-09-09 09:17:00,1.3,1.3
2020-09-09 15:45:00,0.6,0.6
2020-09-09 21:55:00,1.2,1.2
2020-09-10 03:39:00,,1.1
2020-09-10 10:06:00,1.3,1.3
2020-09-10 16:49:00,,1.1
2020-09-10 23:11:00,1.1,1.1
2020-09-11 04:49:00,,1.1
2020-09-11 11:16:00,,1.1
2020-09-11 18:13:00,0.6,0.6
2020-09-12 00:45:00,1.1,1.1
2020-09-12 06:29:00,0.8,0.8
2020-09-12 12:41:00,1.3,1.3
2020-09-12 19:34:00,0.6,0.6
2020-09-13 02:06:00,1.2,1.2
2020-09-13 07:57:00,0.7,0.7
2020-09-13 13:59:00,,1.1
2020-09-13 20:35:00,0.5,0.5
2020-09-14 03:05:00,1.3,1.3
2020-09-14 09:01:00,,1.1
2020-09-14 15:01:00,,1.1
2020-09-14 21:25:00,0.4,0.4
2020-09-15 03:52:00,1.5,1.5
2020-09-15 09:51:00,0.5,0.5
2020-09-15 15:53:00,1.5,1.5
2020-09-15 22:09:00,0.3,0.3
2020-09-16 04:34:00,1.6,1.6
2020-09-16 10:36:00,0.4,0.4
2020-09-16 16:40:00,,1.1
2020-09-16 22:51:00,0.2,0.2
2020-09-17 05:15:00,1.7,1.7
2020-09-17 11:19:00,,1.1
2020-09-17 17:25:00,1.6,1.6
2020-09-17 23:32:00,,1.1
2020-09-18 05:56:00,1.8,1.8
2020-09-18 12:01:00,,1.1
2020-09-18 18:09:00,1.7,1.7
2020-09-19 00:13:00,0.1,0.1
2020-09-19 06:36:00,1.8,1.8
2020-09-19 12:43:00,0.2,0.2
2020-09-19 18:54:00,1.6,1.6
2020-09-20 00:54:00,,1.1
2020-09-20 07:18:00,1.7,1.7
2020-09-20 13:27:00,,1.1
2020-09-20 19:40:00,1.6,1.6
2020-09-21 01:36:00,0.3,0.3
2020-09-21 08:01:00,1.7,1.7
2020-09-21 14:13:00,0.3,0.3
2020-09-21 20:30:00,1.5,1.5
2020-09-22 02:21:00,0.4,0.4
2020-09-22 08:47:00,,1.1
2020-09-22 15:03:00,0.4,0.4
2020-09-22 21:27:00,,1.1
2020-09-23 03:12:00,,1.1
2020-09-23 09:39:00,1.4,1.4
2020-09-23 16:03:00,,1.1
2020-09-23 22:37:00,1.3,1.3
2020-09-24 04:17:00,,1.1
2020-09-24 10:44:00,,1.1
2020-09-24 17:19:00,,1.1
2020-09-25 00:07:00,,1.1
2020-09-25 05:52:00,0.8,0.8
2020-09-25 12:09:00,1.2,1.2
2020-09-25 18:50:00,0.6,0.6
2020-09-26 01:39:00,,1.1
2020-09-26 07:37:00,0.8,0.8
2020-09-26 13:35:00,1.2,1.2
2020-09-26 20:06:00,0.6,0.6
2020-09-27 02:48:00,,1.1
2020-09-27 08:49:00,,1.1
2020-09-27 14:43:00,1.3,1.3
2020-09-27 21:01:00,,1.1
2020-09-28 03:37:00,1.4,1.4
2020-09-28 09:37:00,,1.1
2020-09-28 15:33:00,,1.1
2020-09-28 21:42:00,,1.1
2020-09-29 04:14:00,1.5,1.5
2020-09-29 10:13:00,0.6,0.6
2020-09-29 16:13:00,1.4,1.4
2020-09-29 22:16:00,0.4,0.4
2020-09-30 04:45:00,1.5,1.5
2020-09-30 10:44:00,,1.1
2020-09-30 16:47:00,1.4,1.4
2020-09-30 22:47:00,,1.1
2020-10-01 05:13:00,1.6,1.6
2020-10-01 11:13:00,0.5,0.5
2020-10-01 17:18:00,,1.1
2020-10-01 23:16:00,0.4,0.4
2020-10-02 05:39:00,1.6,1.6
2020-10-02 11:42:00,0.4,0.4
2020-10-02 17:48:00,1.5,1.5
2020-10-02 23:45:00,0.4,0.4
2020-10-03 06:04:00,1.6,1.6
2020-10-03 12:11:00,,1.1
2020-10-03 18:18:00,1.5,1.5
2020-10-04 00:14:00,,1.1
2020-10-04 06:29:00,,1.1
2020-10-04 12:41:00,,1.1
2020-10-04 18:48:00,,1.1
2020-10-05 00:43:00,0.4,0.4
2020-10-05 06:55:00,1.6,1.6
2020-10-05 13:11:00,,1.1
2020-10-05 19:20:00,1.4,1.4
2020-10-06 01:12:00,0.5,0.5
2020-10-06 07:23:00,1.5,1.5
2020-10-06 13:43:00,0.4,0.4
2020-10-06 19:55:00,1.4,1.4
2020-10-07 01:44:00,0.6,0.6
2020-10-07 07:54:00,1.5,1.5
2020-10-07 14:20:00,0.5,0.5
2020-10-07 20:36:00,,1.1
2020-10-08 02:21:00,0.7,0.7
2020-10-08 08:31:00,,1.1
2020-10-08 15:03:00,0.5,0.5
2020-10-08 21:29:00,,1.1
2020-10-09 03:09:00,,1.1
2020-10-09 09:21:00,1.3,1.3
2020-10-09 16:02:00,,1.1
2020-10-09 22:43:00,1.2,1.2
2020-10-10 04:23:00,0.8,0.8
2020-10-10 10:35:00,,1.1
2020-10-10 17:22:00,,1.1
2020-10-11 00:14:00,1.2,1.2
2020-10-11 06:11:00,0.8,0.8
2020-10-11 12:10:00,1.2,1.2
2020-10-11 18:50:00,0.6,0.6
2020-10-12 01:33:00,,1.1
2020-10-12 07:42:00,,1.1
2020-10-12 13:35:00,1.3,1.3
2020-10-12 19:59:00,,1.1
2020-10-13 02:33:00,1.4,1.4
2020-10-13 08:43:00,0.6,0.6
2020-10-13 14:41:00,1.4,1.4
2020-10-13 20:53:00,0.4,0.4
2020-10-14 03:21:00,1.6,1.6
2020-10-14 09:32:00,,1.1
2020-10-14 15:34:00,,1.1
2020-10-14 21:41:00,0.3,0.3
2020-10-15 04:05:00,,1.1
2020-10-15 10:17:00,0.3,0.3
2020-10-15 16:23:00,1.6,1.6
2020-10-15 22:25:00,0.3,0.3
2020-10-16 04:47:00,1.8,1.8
2020-10-16 10:59:00,,1.1
2020-10-16 17:08:00,1.7,1.7
2020-10-16 23:07:00,0.2,0.2
2020-10-17 05:28:00,,1.1
2020-10-17 11:41:00,0.2,0.2
2020-10-17 17:54:00,1.7,1.7
2020-10-17 23:49:00,0.2,0.2
2020-10-18 06:09:00,,1.1
2020-10-18 12:22:00,0.2,0.2
2020-10-18 18:39:00,1.7,1.7
2020-10-19 00:31:00,0.3,0.3
2020-10-19 06:50:00,,1.1
2020-10-19 13:05:00,0.2,0.2
2020-10-19 19:26:00,1.6,1.6
2020-10-20 01:15:00,0.4,0.4
2020-10-20 07:32:00,,1.1
2020-10-20 13:49:00,,1.1
2020-10-20 20:16:00,1.5,1.5
2020-10-21 02:01:00,0.5,0.5
2020-10-21 08:17:00,1.5,1.5
2020-10-21 14:37:00,0.4,0.4
2020-10-21 21:14:00,,1.1
2020-10-22 02:54:00,0.7,0.7
2020-10-22 09:08:00,1.4,1.4
2020-10-22 15:33:00,,1.1
2020-10-22 22:23:00,,1.1
2020-10-23 04:03:00,0.8,0.8
2020-10-23 10:12:00,1.3,1.3
2020-10-23 16:43:00,,1.1
2020-10-23 23:48:00,,1.1
2020-10-24 05:43:00,0.9,0.9
2020-10-24 11:38:00,,1.1
2020-10-24 18:09:00,,1.1
2020-10-25 01:13:00,,1.1
2020-10-25 07:28:00,0.8,0.8
2020-10-25 13:09:00,1.2,1.2
2020-10-25 19:27:00,0.6,0.6
2020-10-26 02:17:00,1.4,1.4
2020-10-26 08:33:00,0.7,0.7
2020-10-26 14:19:00,1.2,1.2
2020-10-26 20:24:00,,1.1
2020-10-27 03:03:00,1.5,1.5
2020-10-27 09:16:00,,1.1
2020-10-27 15:10:00,1.3,1.3
2020-10-27 21:06:00,,1.1
2020-10-28 03:39:00,1.5,1.5
2020-10-28 09:49:00,,1.1
2020-10-28 15:50:00,1.4,1.4
2020-10-28 21:42:00,,1.1
2020-10-29 04:09:00,,1.1
2020-10-29 10:19:00,0.5,0.5
2020-10-29 16:25:00,1.4,1.4
2020-10-29 22:15:00,0.5,0.5
2020-10-30 04:36:00,,1.1
2020-10-30 10:48:00,,1.1
2020-10-30 16:57:00,1.5,1.5
2020-10-30 22:45:00,,1.1
2020-10-31 05:02:00,1.6,1.6
2020-10-31 11:16:00,,1.1
2020-10-31 17:27:00,1.5,1.5
2020-10-31 23:15:00,0.5,0.5
2020-11-01 05:27:00,,1.1
2020-11-01 11:45:00,0.4,0.4
2020-11-01 17:58:00,,1.1
2020-11-01 23:45:00,0.5,0.5
2020-11-02 05:53:00,1.6,1.6
2020-11-02 12:15:00,0.3,0.3
2020-11-02 18:30:00,,1.1
2020-11-03 00:15:00,0.6,0.6
2020-11-03 06:21:00,,1.1
2020-11-03 12:46:00,0.4,0.4
2020-11-03 19:03:00,1.5,1.5
2020-11-04 00:47:00,,1.1
2020-11-04 06:51:00,1.6,1.6
2020-11-04 13:19:00,0.4,0.4
2020-11-04 19:40:00,1.4,1.4
2020-11-05 01:22:00,0.7,0.7
2020-11-05 07:24:00,1.5,1.5
2020-11-05 13:55:00,0.4,0.4
2020-11-05 20:23:00,1.4,1.4
2020-11-06 02:03:00,,1.1
2020-11-06 08:04:00,,1.1
2020-11-06 14:38:00,,1.1
2020-11-06 21:17:00,1.3,1.3
2020-11-07 02:57:00,0.8,0.8
2020-11-07 08:57:00,,1.1
2020-11-07 15:33:00,0.6,0.6
2020-11-07 22:25:00,1.3,1.3
2020-11-08 04:13:00,,1.1
2020-11-08 10:10:00,,1.1
2020-11-08 16:44:00,,1.1
2020-11-08 23:43:00,1.4,1.4
2020-11-09 05:51:00,,1.1
2020-11-09 11:41:00,1.3,1.3
2020-11-09 18:05:00,0.6,0.6
2020-11-10 00:56:00,,1.1
2020-11-10 07:17:00,,1.1
2020-11-10 13:07:00,1.3,1.3
2020-11-10 19:18:00,0.5,0.5
2020-11-11 01:57:00,,1.1
2020-11-11 08:20:00,0.6,0.6
2020-11-11 14:16:00,,1.1
2020-11-11 20:19:00,0.5,0.5
2020-11-12 02:49:00,1.7,1.7
2020-11-12 09:11:00,0.4,0.4
2020-11-12 15:14:00,1.5,1.5
2020-11-12 21:11:00,0.4,0.4
2020-11-13 03:35:00,1.8,1.8
2020-11-13 09:57:00,0.3,0.3
2020-11-13 16:06:00,,1.1
2020-11-13 21:59:00,,1.1
2020-11-14 04:19:00,,1.1
2020-11-14 10:40:00,,1.1
2020-11-14 16:54:00,1.6,1.6
2020-11-14 22:44:00,0.4,0.4
2020-11-15 05:02:00,1.8,1.8
2020-11-15 11:22:00,,1.1
2020-11-15 17:40:00,1.7,1.7
2020-11-15 23:29:00,0.4,0.4
2020-11-16 05:44:00,1.8,1.8
2020-11-16 12:04:00,,1.1
2020-11-16 18:27:00,1.7,1.7
2020-11-17 00:13:00,0.4,0.4
2020-11-17 06:26:00,1.8,1.8
2020-11-17 12:46:00,,1.1
2020-11-17 19:15:00,1.6,1.6
2020-11-18 00:58:00,0.5,0.5
2020-11-18 07:08:00,1.7,1.7
2020-11-18 13:30:00,,1.1
2020-11-18 20:05:00,1.5,1.5
2020-11-19 01:45:00,0.6,0.6
2020-11-19 07:52:00,1.5,1.5
2020-11-19 14:15:00,,1.1
2020-11-19 21:00:00,1.5,1.5
2020-11-20 02:39:00,,1.1
2020-11-20 08:40:00,1.4,1.4
2020-11-20 15:05:00,,1.1
2020-11-20 22:02:00,1.4,1.4
2020-11-21 03:44:00,,1.1
2020-11-21 09:38:00,,1.1
2020-11-21 16:03:00,0.6,0.6
2020-11-21 23:13:00,1.4,1.4
2020-11-22 05:11:00,0.9,0.9
2020-11-22 10:53:00,,1.1
2020-11-22 17:13:00,0.6,0.6
2020-11-23 00:25:00,,1.1
2020-11-23 06:45:00,0.9,0.9
2020-11-23 12:19:00,,1.1
2020-11-23 18:27:00,0.7,0.7
2020-11-24 01:27:00,,1.1
2020-11-24 07:54:00,0.8,0.8
2020-11-24 13:35:00,1.2,1.2
2020-11-24 19:30:00,,1.1
2020-11-25 02:16:00,1.5,1.5
2020-11-25 08:41:00,,1.1
2020-11-25 14:34:00,1.2,1.2
2020-11-25 20:20:00,0.7,0.7
2020-11-26 02:55:00,1.5,1.5
2020-11-26 09:18:00,0.6,0.6
2020-11-26 15:20:00,1.3,1.3
2020-11-26 21:02:00,0.6,0.6
2020-11-27 03:28:00,,1.1
2020-11-27 09:50:00,0.5,0.5
2020-11-27 15:59:00,,1.1
2020-11-27 21:40:00,,1.1
2020-11-28 03:58:00,1.6,1.6
2020-11-28 10:22:00,,1.1
2020-11-28 16:35:00,1.4,1.4
2020-11-28 22:15:00,,1.1
2020-11-29 04:27:00,1.6,1.6
2020-11-29 10:52:00,,1.1
2020-11-29 17:09:00,1.4,1.4
2020-11-29 22:48:00,0.6,0.6
2020-11-30 04:56:00,,1.1
2020-11-30 11:23:00,,1.1
2020-11-30 17:42:00,1.5,1.5
2020-11-30 23:22:00,0.6,0.6
2020-12-01 05:26:00,1.6,1.6
2020-12-01 11:55:00,0.3,0.3
2020-12-01 18:16:00,1.5,1.5
2020-12-01 23:56:00,0.6,0.6
2020-12-02 05:58:00,1.6,1.6
2020-12-02 12:28:00,,1.1
2020-12-02 18:53:00,1.5,1.5
2020-12-03 00:32:00,0.7,0.7
2020-12-03 06:32:00,1.6,1.6
2020-12-03 13:02:00,,1.1
2020-12-03 19:32:00,,1.1
2020-12-04 01:12:00,,1.1
2020-12-04 07:10:00,1.5,1.5
2020-12-04 13:40:00,0.4,0.4
2020-12-04 20:16:00,,1.1
2020-12-05 01:57:00,0.7,0.7
2020-12-05 07:53:00,,1.1
2020-12-05 14:23:00,,1.1
2020-12-05 21:07:00,1.5,1.5
2020-12-06 02:53:00,0.8,0.8
2020-12-06 08:46:00,,1.1
2020-12-06 15:13:00,0.5,0.5
2020-12-06 22:06:00,1.5,1.5
2020-12-07 04:02:00,,1.1
2020-12-07 09:52:00,1.3,1.3
2020-12-07 16:13:00,0.5,0.5
2020-12-07 23:11:00,1.5,1.5
2020-12-08 05:24:00,,1.1
2020-12-08 11:12:00,1.3,1.3
2020-12-08 17:24:00,0.6,0.6
2020-12-09 00:18:00,1.5,1.5
2020-12-09 06:45:00,0.7,0.7
2020-12-09 12:35:00,1.3,1.3
2020-12-09 18:37:00,,1.1
2020-12-10 01:20:00,1.6,1.6
2020-12-10 07:52:00,,1.1
2020-12-10 13:50:00,,1.1
2020-12-10 19:44:00,0.6,0.6
2020-12-11 02:17:00,,1.1
2020-12-11 08:48:00,,1.1
2020-12-11 14:55:00,,1.1
2020-12-11 20:43:00,,1.1
2020-12-12 03:08:00,1.7,1.7
2020-12-12 09:37:00,0.4,0.4
2020-12-12 15:51:00,1.5,1.5
2020-12-12 21:37:00,0.5,0.5
2020-12-13 03:56:00,1.8,1.8
2020-12-13 10:23:00,0.3,0.3
2020-12-13 16:43:00,,1.1
2020-12-13 22:26:00,0.5,0.5
2020-12-14 04:42:00,,1.1
2020-12-14 11:07:00,0.2,0.2
2020-12-14 17:32:00,1.6,1.6
2020-12-14 23:14:00,,1.1
2020-12-15 05:26:00,1.8,1.8
2020-12-15 11:49:00,0.2,0.2
2020-12-15 18:19:00,,1.1
2020-12-16 00:00:00,0.5,0.5
2020-12-16 06:08:00,1.7,1.7
2020-12-16 12:31:00,0.2,0.2
2020-12-16 19:05:00,1.6,1.6
2020-12-17 00:46:00,,1.1
2020-12-17 06:50:00,,1.1
2020-12-17 13:12:00,,1.1
2020-12-17 19:52:00,1.6,1.6
2020-12-18 01:32:00,0.7,0.7
2020-12-18 07:33:00,,1.1
2020-12-18 13:54:00,0.3,0.3
2020-12-18 20:40:00,,1.1
2020-12-19 02:21:00,0.7,0.7
2020-12-19 08:17:00,1.4,1.4
2020-12-19 14:37:00,,1.1
2020-12-19 21:31:00,,1.1
2020-12-20 03:16:00,0.8,0.8
2020-12-20 09:05:00,1.3,1.3
2020-12-20 15:24:00,0.5,0.5
2020-12-20 22:24:00,1.5,1.5
2020-12-21 04:20:00,0.8,0.8
2020-12-21 10:01:00,,1.1
2020-12-21 16:15:00,,1.1
2020-12-21 23:20:00,1.4,1.4
2020-12-22 05:33:00,0.8,0.8
2020-12-22 11:10:00,1.2,1.2
2020-12-22 17:15:00,,1.1
2020-12-23 00:18:00,1.4,1.4
2020-12-23 06:48:00,0.8,0.8
2020-12-23 12:28:00,1.2,1.2
2020-12-23 18:19:00,,1.1
2020-12-24 01:12:00,1.4,1.4
2020-12-24 07:49:00,,1.1
2020-12-24 13:42:00,,1.1
2020-12-24 19:22:00,0.7,0.7
2020-12-25 01:59:00,1.5,1.5
2020-12-25 08:37:00,,1.1
2020-12-25 14:43:00,1.2,1.2
2020-12-25 20:17:00,,1.1
2020-12-26 02:41:00,,1.1
2020-12-26 09:19:00,,1.1
2020-12-26 15:33:00,,1.1
2020-12-26 21:04:00,0.7,0.7
2020-12-27 03:20:00,1.5,1.5
2020-12-27 09:55:00,,1.1
2020-12-27 16:15:00,,1.1
2020-12-27 21:47:00,0.7,0.7
2020-12-28 03:56:00,,1.1
2020-12-28 10:31:00,,1.1
2020-12-28 16:53:00,1.4,1.4
2020-12-28 22:27:00,0.7,0.7
2020-12-29 04:32:00,,1.1
2020-12-29 11:05:00,0.4,0.4
2020-12-29 17:29:00,,1.1
2020-12-29 23:06:00,0.7,0.7
2020-12-30 05:08:00,,1.1
2020-12-30 11:39:00,0.3,0.3
2020-12-30 18:05:00,1.5,1.5
2020-12-30 23:44:00,0.7,0.7
2020-12-31 05:45:00,1.6,1.6
2020-12-31 12:14:00,,1.1
2020-12-31 18:43:00,1.5,1.5
2021-01-01 00:21:00,0.7,0.7
2021-01-01 06:22:00,1.6,1.6
2021-01-01 12:50:00,0.3,0.3
2021-01-01 19:22:00,,1.1
2021-01-02 01:06:00,,1.1
2021-01-02 07:03:00,,1.1
2021-01-02 13:28:00,0.3,0.3
2021-01-02 20:04:00,1.6,1.6
2021-01-03 01:52:00,0.7,0.7
2021-01-03 07:47:00,1.5,1.5
2021-01-03 14:08:00,,1.1
2021-01-03 20:50:00,1.6,1.6
2021-01-04 02:43:00,,1.1
2021-01-04 08:37:00,,1.1
2021-01-04 14:54:00,,1.1
2021-01-04 21:40:00,,1.1
2021-01-05 03:42:00,,1.1
2021-01-05 09:35:00,,1.1
2021-01-05 15:45:00,,1.1
2021-01-05 22:36:00,1.6,1.6
2021-01-06 04:50:00,0.7,0.7
2021-01-06 10:43:00,1.3,1.3
2021-01-06 16:45:00,0.6,0.6
2021-01-06 23:37:00,,1.1
2021-01-07 06:06:00,0.7,0.7
2021-01-07 12:02:00,1.3,1.3
2021-01-07 17:54:00,,1.1
2021-01-08 00:41:00,,1.1
2021-01-08 07:21:00,0.6,0.6
2021-01-08 13:25:00,,1.1
2021-01-08 19:09:00,,1.1
2021-01-09 01:45:00,1.6,1.6
2021-01-09 08:26:00,0.5,0.5
2021-01-09 14:40:00,1.3,1.3
2021-01-09 20:20:00,0.7,0.7
2021-01-10 02:45:00,1.6,1.6
2021-01-10 09:22:00,,1.1
2021-01-10 15:44:00,,1.1
2021-01-10 21:23:00,0.6,0.6
2021-01-11 03:39:00,1.6,1.6
2021-01-11 10:11:00,0.3,0.3
2021-01-11 16:39:00,1.5,1.5
2021-01-11 22:17:00,0.5,0.5
2021-01-12 04:29:00,,1.1
2021-01-12 10:56:00,0.3,0.3
2021-01-12 17:28:00,,1.1
2021-01-12 23:07:00,,1.1
2021-01-13 05:14:00,,1.1
2021-01-13 11:38:00,,1.1
2021-01-13 18:13:00,1.6,1.6
2021-01-13 23:53:00,,1.1
2021-01-14 05:57:00,1.6,1.6
2021-01-14 12:18:00,0.3,0.3
2021-01-14 18:55:00,,1.1
2021-01-15 00:36:00,,1.1
2021-01-15 06:37:00,,1.1
2021-01-15 12:55:00,,1.1
2021-01-15 19:35:00,1.6,1.6
2021-01-16 01:18:00,0.6,0.6
2021-01-16 07:16:00,,1.1
2021-01-16 13:32:00,,1.1
2021-01-16 20:14:00,1.6,1.6
2021-01-17 02:00:00,,1.1
2021-01-17 07:55:00,1.5,1.5
2021-01-17 10:09:00,0.4,0.4
2021-01-17 20:53:00,1.6,1.6
2021-01-18 02:43:00,0.7,0.7
2021-01-18 08:43:00,1.4,1.4
2021-01-18 14:46:00,0.5,0.5
2021-01-18 21:36:00,1.5,1.5
2021-01-19 03:30:00,,1.1
2021-01-19 09:17:00,,1.1
2021-01-19 15:26:00,0.6,0.6
2021-01-19 22:13:00,,1.1
2021-01-20 04:23:00,0.8,0.8
2021-01-20 10:07:00,1.2,1.2
2021-01-20 16:09:00,0.7,0.7
2021-01-20 22:59:00,,1.1
2021-01-21 05:26:00,,1.1
2021-01-21 11:12:00,,1.1
2021-01-21 17:02:00,0.7,0.7
2021-01-21 23:50:00,,1.1
2021-01-22 06:37:00,,1.1
2021-01-22 12:33:00,1.1,1.1
2021-01-22 18:09:00,0.8,0.8
2021-01-23 00:48:00,,1.1
2021-01-23 07:45:00,0.7,0.7
2021-01-23 13:57:00,1.2,1.2
2021-01-23 19:23:00,,1.1
2021-01-24 01:47:00,1.4,1.4
2021-01-24 08:41:00,,1.1
2021-01-24 15:04:00,,1.1
2021-01-24 20:29:00,,1.1
2021-01-25 02:41:00,1.4,1.4
2021-01-25 09:28:00,0.5,0.5
2021-01-25 15:55:00,1.3,1.3
2021-01-25 21:24:00,0.8,0.8
2021-01-26 03:29:00,1.5,1.5
2021-01-26 10:09:00,,1.1
2021-01-26 16:36:00,,1.1
2021-01-26 10:11:00,0.7,0.7
2021-01-27 04:13:00,,1.1
2021-01-27 10:46:00,0.4,0.4
2021-01-27 17:14:00,,1.1
2021-01-27 22:54:00,,1.1
2021-01-28 04:54:00,1.6,1.6
2021-01-28 11:23:00,,1.1
2021-01-28 17:50:00,,1.1
2021-01-28 23:35:00,0.6,0.6
2021-01-29 05:35:00,,1.1
2021-01-29 11:58:00,,1.1
2021-01-29 18:27:00,1.6,1.6
2021-01-30 00:16:00,0.6,0.6
2021-01-30 06:15:00,,1.1
2021-01-30 12:35:00,0.2,0.2
2021-01-30 19:05:00,1.7,1.7
2021-01-31 00:57:00,,1.1
2021-01-31 06:57:00,1.6,1.6
2021-01-31 13:12:00,,1.1
2021-01-31 19:44:00,1.7,1.7
2021-02-01 01:40:00,,1.1
2021-02-01 07:40:00,1.6,1.6
2021-02-01 13:51:00,0.3,0.3
2021-02-01 20:26:00,,1.1
2021-02-02 02:27:00,,1.1
2021-02-02 08:26:00,,1.1
2021-02-02 14:33:00,0.4,0.4
2021-02-02 21:11:00,,1.1
2021-02-03 03:18:00,0.6,0.6
2021-02-03 09:18:00,,1.1
2021-02-03 15:20:00,0.5,0.5
2021-02-03 22:01:00,1.6,1.6
2021-02-04 04:07:00,,1.1
2021-02-04 10:20:00,1.3,1.3
2021-02-04 16:14:00,0.6,0.6
2021-02-04 22:59:00,,1.1
2021-02-05 05:28:00,,1.1
2021-02-05 11:37:00,1.3,1.3
2021-02-05 17:22:00,0.7,0.7
2021-02-06 00:06:00,1.5,1.5
2021-02-06 06:51:00,,1.1
2021-02-06 13:08:00,1.2,1.2
2021-02-06 18:47:00,,1.1
2021-02-07 01:21:00,,1.1
2021-02-07 08:09:00,0.6,0.6
2021-02-07 14:35:00,1.3,1.3
2021-02-07 20:13:00,0.8,0.8
2021-02-08 02:32:00,1.5,1.5
2021-02-08 09:12:00,,1.1
2021-02-08 15:43:00,1.4,1.4
2021-02-08 21:23:00,,1.1
2021-02-09 03:33:00,1.5,1.5
2021-02-09 10:03:00,0.4,0.4
2021-02-09 16:36:00,,1.1
2021-02-09 22:19:00,0.7,0.7
2021-02-10 04:24:00,1.5,1.5
2021-02-10 10:47:00,,1.1
2021-02-10 17:20:00,1.6,1.6
2021-02-10 23:05:00,,1.1
2021-02-11 05:07:00,,1.1
2021-02-11 11:25:00,,1.1
2021-02-11 17:59:00,,1.1
2021-02-11 23:45:00,0.6,0.6
2021-02-12 05:46:00,1.6,1.6
2021-02-12 12:00:00,,1.1
2021-02-12 18:34:00,1.6,1.6
2021-02-13 00:22:00,,1.1
2021-02-13 06:23:00,,1.1
2021-02-13 12:33:00,,1.1
2021-02-13 19:07:00,,1.1
2021-02-14 00:57:00,,1.1
2021-02-14 06:57:00,,1.1
2021-02-14 13:06:00,0.3,0.3
2021-02-14 19:38:00,1.6,1.6
2021-02-15 01:31:00,0.6,0.6
2021-02-15 07:30:00,1.5,1.5
2021-02-15 13:37:00,0.4,0.4
2021-02-15 20:09:00,,1.1
2021-02-16 02:06:00,0.6,0.6
2021-02-16 08:03:00,1.4,1.4
2021-02-16 14:09:00,0.4,0.4
2021-02-16 20:39:00,1.5,1.5
2021-02-17 02:43:00,0.6,0.6
2021-02-17 08:39:00,1.4,1.4
2021-02-17 14:41:00,,1.1
2021-02-17 21:11:00,,1.1
2021-02-18 03:24:00,,1.1
2021-02-18 09:20:00,,1.1
2021-02-18 15:16:00,,1.1
2021-02-18 21:47:00,1.4,1.4
2021-02-19 04:13:00,,1.1
2021-02-19 10:11:00,1.2,1.2
2021-02-19 15:58:00,0.7,0.7
2021-02-19 22:32:00,1.4,1.4
2021-02-20 05:17:00,0.7,0.7
2021-02-20 11:23:00,,1.1
2021-02-20 16:58:00,,1.1
2021-02-20 23:33:00,,1.1
2021-02-21 06:39:00,,1.1
2021-02-21 13:01:00,,1.1
2021-02-21 18:28:00,0.9,0.9
2021-02-22 00:50:00,,1.1
2021-02-22 07:57:00,0.7,0.7
2021-02-22 14:30:00,1.2,1.2
2021-02-22 20:00:00,,1.1
2021-02-23 02:06:00,1.3,1.3
2021-02-23 08:56:00,0.6,0.6
2021-02-23 15:28:00,1.3,1.3
2021-02-23 21:07:00,,1.1
2021-02-24 03:06:00,1.4,1.4
2021-02-24 09:42:00,0.5,0.5
2021-02-24 16:11:00,,1.1
2021-02-24 21:57:00,,1.1
2021-02-25 03:56:00,,1.1
2021-02-25 10:23:00,0.4,0.4
2021-02-25 16:49:00,1.5,1.5
2021-02-25 22:41:00,,1.1
2021-02-26 04:41:00,1.6,1.6
2021-02-26 11:00:00,,1.1
2021-02-26 17:26:00,1.6,1.6
2021-02-26 23:21:00,0.5,0.5
2021-02-27 05:23:00,,1.1
2021-02-27 11:37:00,,1.1
2021-02-27 18:03:00,,1.1
2021-02-28 00:01:00,0.4,0.4
2021-02-28 06:04:00,,1.1
2021-02-28 12:15:00,,1.1
2021-02-28 18:40:00,1.7,1.7
2021-03-01 00:41:00,0.4,0.4
2021-03-01 06:46:00,,1.1
2021-03-01 12:52:00,0.2,0.2
2021-03-01 19:19:00,,1.1
2021-03-02 01:23:00,,1.1
2021-03-02 07:28:00,1.6,1.6
2021-03-02 13:31:00,0.3,0.3
2021-03-02 19:59:00,1.7,1.7
2021-03-03 02:06:00,,1.1
2021-03-03 08:14:00,1.5,1.5
2021-03-03 14:13:00,0.4,0.4
2021-03-03 20:42:00,,1.1
2021-03-04 02:53:00,,1.1
2021-03-04 09:04:00,,1.1
2021-03-04 14:58:00,0.5,0.5
2021-03-04 21:29:00,,1.1
2021-03-05 03:48:00,0.5,0.5
2021-03-05 10:04:00,1.3,1.3
2021-03-05 15:51:00,0.6,0.6
2021-03-05 22:26:00,1.5,1.5
2021-03-06 04:56:00,0.6,0.6
2021-03-06 11:23:00,,1.1
2021-03-06 17:03:00,,1.1
2021-03-06 23:38:00,1.4,1.4
2021-03-07 06:23:00,0.6,0.6
2021-03-07 13:02:00,,1.1
2021-03-07 18:44:00,0.8,0.8
2021-03-08 01:06:00,1.3,1.3
2021-03-08 07:52:00,0.6,0.6
2021-03-08 14:33:00,1.3,1.3
2021-03-08 20:22:00,0.8,0.8
2021-03-09 02:26:00,1.3,1.3
2021-03-09 09:00:00,0.5,0.5
2021-03-09 15:37:00,1.4,1.4
2021-03-09 21:29:00,0.7,0.7
2021-03-10 03:28:00,1.4,1.4
2021-03-10 09:50:00,0.4,0.4
2021-03-10 16:24:00,1.5,1.5
2021-03-10 22:17:00,0.6,0.6
2021-03-11 04:17:00,1.4,1.4
2021-03-11 10:30:00,0.4,0.4
2021-03-11 17:01:00,,1.1
2021-03-11 22:55:00,,1.1
2021-03-12 04:56:00,1.5,1.5
2021-03-12 11:04:00,,1.1
2021-03-12 17:34:00,1.6,1.6
2021-03-12 23:29:00,,1.1
2021-03-13 05:31:00,,1.1
2021-03-13 11:36:00,0.3,0.3
2021-03-13 18:04:00,1.6,1.6
2021-03-14 00:00:00,0.5,0.5
2021-03-14 06:04:00,1.5,1.5
2021-03-14 12:06:00,0.3,0.3
2021-03-14 18:32:00,,1.1
2021-03-15 00:30:00,,1.1
2021-03-15 06:35:00,1.5,1.5
2021-03-15 12:35:00,,1.1
2021-03-15 18:59:00,1.6,1.6
2021-03-16 01:01:00,0.4,0.4
2021-03-16 07:05:00,,1.1
2021-03-16 13:04:00,0.4,0.4
2021-03-16 19:25:00,1.6,1.6
2021-03-17 01:32:00,0.4,0.4
2021-03-17 07:37:00,1.4,1.4
2021-03-17 13:34:00,,1.1
2021-03-17 19:51:00,,1.1
2021-03-18 02:04:00,,1.1
2021-03-18 08:10:00,1.4,1.4
2021-03-18 14:04:00,0.5,0.5
2021-03-18 20:19:00,,1.1
2021-03-19 02:39:00,0.5,0.5
2021-03-19 08:47:00,1.3,1.3
2021-03-19 14:36:00,,1.1
2021-03-19 20:52:00,,1.1
2021-03-20 03:20:00,0.6,0.6
2021-03-20 09:33:00,,1.1
2021-03-20 15:15:00,0.7,0.7
2021-03-20 21:33:00,1.3,1.3
2021-03-21 04:14:00,0.6,0.6
2021-03-21 10:38:00,,1.1
2021-03-21 16:11:00,0.8,0.8
2021-03-21 22:32:00,,1.1
2021-03-22 05:31:00,0.7,0.7
2021-03-22 12:11:00,1.1,1.1
2021-03-22 17:48:00,0.9,0.9
2021-03-22 23:59:00,,1.1
2021-03-23 07:02:00,,1.1
2021-03-23 13:45:00,,1.1
2021-03-23 19:36:00,,1.1
2021-03-24 01:31:00,,1.1
2021-03-24 08:14:00,0.6,0.6
2021-03-24 14:49:00,1.3,1.3
2021-03-24 20:46:00,0.7,0.7
2021-03-25 02:41:00,,1.1
2021-03-25 09:07:00,,1.1
2021-03-25 15:36:00,,1.1
2021-03-25 21:37:00,0.6,0.6
2021-03-26 03:35:00,,1.1
2021-03-26 09:51:00,,1.1
2021-03-26 16:16:00,1.6,1.6
2021-03-26 22:20:00,0.5,0.5
2021-03-27 04:22:00,1.5,1.5
2021-03-27 10:32:00,0.3,0.3
2021-03-27 16:55:00,1.7,1.7
2021-03-27 23:01:00,0.3,0.3
2021-03-28 05:06:00,1.6,1.6
2021-03-28 11:11:00,0.2,0.2
2021-03-28 17:33:00,1.7,1.7
2021-03-28 23:41:00,0.3,0.3
2021-03-29 05:48:00,1.6,1.6
2021-03-29 11:50:00,0.2,0.2
2021-03-29 18:12:00,,1.1
2021-03-30 00:21:00,,1.1
2021-03-30 06:31:00,1.6,1.6
2021-03-30 12:30:00,,1.1
2021-03-30 18:51:00,,1.1
2021-03-31 01:03:00,0.2,0.2
2021-03-31 07:16:00,,1.1
2021-03-31 13:11:00,,1.1
2021-03-31 19:32:00,,1.1
2021-04-01 01:46:00,0.2,0.2
2021-04-01 08:03:00,1.5,1.5
2021-04-01 13:54:00,,1.1
2021-04-01 20:15:00,1.6,1.6
2021-04-02 02:32:00,,1.1
2021-04-02 08:55:00,1.4,1.4
2021-04-02 14:41:00,,1.1
2021-04-02 21:02:00,1.5,1.5
2021-04-03 03:25:00,0.4,0.4
2021-04-03 09:57:00,1.3,1.3
2021-04-03 15:38:00,,1.1
2021-04-03 22:00:00,,1.1
2021-04-04 04:30:00,,1.1
2021-04-04 11:18:00,1.2,1.2
2021-04-04 17:00:00,,1.1
2021-04-04 23:17:00,,1.1
2021-04-05 05:57:00,0.6,0.6
2021-04-05 12:55:00,1.2,1.2
2021-04-05 18:54:00,0.8,0.8
2021-04-06 00:52:00,,1.1
2021-04-06 07:28:00,,1.1
2021-04-06 14:18:00,,1.1
2021-04-06 20:26:00,,1.1
2021-04-07 02:15:00,,1.1
2021-04-07 08:35:00,0.5,0.5
2021-04-07 15:15:00,1.4,1.4
2021-04-07 21:23:00,0.7,0.7
2021-04-08 03:15:00,1.3,1.3
2021-04-08 09:23:00,0.5,0.5
2021-04-08 15:57:00,1.5,1.5
2021-04-08 22:03:00,,1.1
2021-04-09 04:01:00,1.3,1.3
2021-04-09 10:02:00,0.4,0.4
2021-04-09 16:32:00,1.5,1.5
2021-04-09 22:36:00,,1.1
2021-04-10 04:38:00,1.4,1.4
2021-04-10 10:35:00,0.4,0.4
2021-04-10 17:01:00,,1.1
2021-04-10 23:05:00,0.4,0.4
2021-04-11 05:11:00,1.4,1.4
2021-04-11 11:05:00,0.4,0.4
2021-04-11 17:28:00,,1.1
2021-04-11 23:34:00,,1.1
2021-04-12 05:42:00,1.4,1.4
2021-04-12 11:35:00,0.4,0.4
2021-04-12 17:54:00,1.6,1.6
2021-04-13 00:02:00,0.3,0.3
2021-04-13 06:12:00,1.5,1.5
2021-04-13 12:04:00,0.4,0.4
2021-04-13 18:19:00,1.6,1.6
2021-04-14 00:32:00,,1.1
2021-04-14 06:43:00,1.4,1.4
2021-04-14 12:33:00,0.4,0.4
2021-04-14 18:44:00,1.5,1.5
2021-04-15 01:01:00,0.3,0.3
2021-04-15 07:15:00,1.4,1.4
2021-04-15 13:03:00,0.5,0.5
2021-04-15 19:11:00,,1.1
2021-04-16 01:33:00,,1.1
2021-04-16 07:48:00,,1.1
2021-04-16 13:34:00,0.6,0.6
2021-04-16 19:39:00,1.4,1.4
2021-04-17 02:07:00,,1.1
2021-04-17 08:26:00,1.3,1.3
2021-04-17 14:08:00,,1.1
2021-04-17 20:12:00,1.4,1.4
2021-04-18 02:46:00,0.5,0.5
2021-04-18 09:13:00,1.2,1.2
2021-04-18 14:51:00,0.7,0.7
2021-04-18 20:55:00,,1.1
2021-04-19 03:35:00,0.5,0.5
2021-04-19 10:15:00,1.2,1.2
2021-04-19 15:52:00,0.8,0.8
2021-04-19 21:54:00,,1.1
2021-04-20 04:42:00,,1.1
2021-04-20 11:36:00,1.2,1.2
2021-04-20 17:27:00,,1.1
2021-04-20 23:21:00,1.2,1.2
2021-04-21 06:06:00,,1.1
2021-04-21 12:59:00,,1.1
2021-04-21 19:08:00,0.8,0.8
2021-04-22 00:55:00,,1.1
2021-04-22 07:23:00,,1.1
2021-04-22 14:03:00,,1.1
2021-04-22 20:18:00,0.6,0.6
2021-04-23 02:10:00,1.3,1.3
2021-04-23 08:23:00,0.4,0.4
2021-04-23 14:54:00,,1.1
2021-04-23 21:10:00,,1.1
2021-04-24 03:08:00,1.4,1.4
2021-04-24 09:14:00,0.4,0.4
2021-04-24 15:39:00,,1.1
2021-04-24 21:55:00,0.3,0.3
2021-04-25 03:59:00,1.5,1.5
2021-04-25 09:59:00,0.3,0.3
2021-04-25 16:21:00,1.7,1.7
2021-04-25 22:38:00,,1.1
2021-04-26 04:46:00,,1.1
2021-04-26 10:43:00,0.2,0.2
2021-04-26 17:03:00,1.7,1.7
2021-04-26 23:19:00,0.1,0.1
2021-04-27 05:32:00,1.6,1.6
2021-04-27 11:25:00,0.2,0.2
2021-04-27 17:43:00,1.8,1.8
2021-04-28 00:01:00,0.1,0.1
2021-04-28 06:17:00,1.6,1.6
2021-04-28 12:09:00,,1.1
2021-04-28 18:25:00,,1.1
2021-04-29 00:43:00,0.1,0.1
2021-04-29 07:05:00,1.6,1.6
2021-04-29 12:52:00,,1.1
2021-04-29 19:08:00,,1.1
2021-04-30 01:27:00,0.2,0.2
2021-04-30 07:55:00,1.5,1.5
2021-04-30 13:39:00,,1.1
2021-04-30 19:52:00,1.5,1.5
2021-05-01 02:14:00,,1.1
2021-05-01 08:50:00,1.4,1.4
2021-05-01 14:31:00,0.6,0.6
2021-05-01 20:42:00,,1.1
2021-05-02 03:06:00,,1.1
2021-05-02 09:53:00,1.3,1.3
2021-05-02 15:34:00,0.7,0.7
2021-05-02 21:40:00,1.3,1.3
2021-05-03 04:08:00,,1.1
2021-05-03 11:09:00,,1.1
2021-05-03 17:01:00,,1.1
2021-05-03 22:57:00,1.2,1.2
2021-05-04 05:25:00,0.5,0.5
2021-05-04 12:31:00,,1.1
2021-05-04 18:46:00,,1.1
2021-05-05 00:27:00,,1.1
2021-05-05 06:46:00,0.5,0.5
2021-05-05 13:43:00,1.3,1.3
2021-05-05 20:06:00,0.7,0.7
2021-05-06 01:47:00,1.1,1.1
2021-05-06 07:52:00,0.5,0.5
2021-05-06 14:37:00,1.4,1.4
2021-05-06 20:57:00,0.6,0.6
2021-05-07 02:48:00,,1.1
2021-05-07 08:43:00,,1.1
2021-05-07 15:18:00,,1.1
2021-05-07 21:36:00,0.5,0.5
2021-05-08 03:35:00,1.2,1.2
2021-05-08 09:24:00,0.5,0.5
2021-05-08 15:53:00,1.5,1.5
2021-05-08 22:08:00,0.4,0.4
2021-05-09 04:13:00,1.3,1.3
2021-05-09 09:59:00,,1.1
2021-05-09 16:22:00,,1.1
2021-05-09 22:37:00,0.4,0.4
2021-05-10 04:48:00,1.3,1.3
2021-05-10 10:32:00,,1.1
2021-05-10 16:49:00,1.5,1.5
2021-05-10 23:06:00,,1.1
2021-05-11 05:21:00,1.4,1.4
2021-05-11 11:03:00,,1.1
2021-05-11 17:16:00,1.5,1.5
2021-05-11 23:36:00,,1.1
2021-05-12 05:52:00,1.4,1.4
2021-05-12 11:34:00,,1.1
2021-05-12 17:42:00,,1.1
2021-05-13 00:06:00,0.3,0.3
2021-05-13 06:25:00,1.4,1.4
2021-05-13 12:06:00,0.5,0.5
2021-05-13 18:10:00,1.5,1.5
2021-05-14 00:37:00,0.3,0.3
2021-05-14 06:59:00,1.4,1.4
2021-05-14 12:39:00,0.5,0.5
2021-05-14 18:39:00,1.5,1.5
2021-05-15 01:10:00,0.3,0.3
2021-05-15 07:35:00,1.3,1.3
2021-05-15 13:13:00,0.6,0.6
2021-05-15 19:12:00,,1.1
2021-05-16 01:45:00,0.3,0.3
2021-05-16 08:15:00,1.3,1.3
2021-05-16 13:53:00,0.6,0.6
2021-05-16 19:49:00,,1.1
2021-05-17 02:24:00,0.4,0.4
2021-05-17 09:03:00,,1.1
2021-05-17 14:41:00,,1.1
2021-05-17 20:35:00,,1.1
2021-05-18 03:11:00,0.4,0.4
2021-05-18 10:00:00,1.3,1.3
2021-05-18 15:45:00,0.7,0.7
2021-05-18 21:35:00,,1.1
2021-05-19 04:09:00,,1.1
2021-05-19 11:06:00,,1.1
2021-05-19 17:08:00,,1.1
2021-05-19 22:54:00,1.2,1.2
2021-05-20 05:20:00,0.5,0.5
2021-05-20 12:15:00,,1.1
2021-05-20 18:34:00,0.7,0.7
2021-05-21 00:19:00,,1.1
2021-05-21 06:32:00,,1.1
2021-05-21 13:17:00,1.4,1.4
2021-05-21 19:44:00,,1.1
2021-05-22 01:35:00,1.2,1.2
2021-05-22 07:38:00,,1.1
2021-05-22 14:13:00,1.5,1.5
2021-05-22 20:40:00,0.4,0.4
2021-05-23 02:39:00,1.3,1.3
2021-05-23 08:36:00,,1.1
2021-05-23 15:02:00,,1.1
2021-05-23 21:29:00,,1.1
2021-05-24 03:36:00,,1.1
2021-05-24 09:27:00,,1.1
2021-05-24 15:49:00,1.7,1.7
2021-05-24 22:14:00,,1.1
2021-05-25 04:27:00,,1.1
2021-05-25 10:16:00,,1.1
2021-05-25 16:34:00,,1.1
2021-05-25 22:59:00,0.1,0.1
2021-05-26 05:17:00,1.5,1.5
2021-05-26 11:04:00,0.3,0.3
2021-05-26 17:19:00,,1.1
2021-05-26 23:42:00,0.1,0.1
2021-05-27 06:07:00,,1.1
2021-05-27 11:51:00,,1.1
2021-05-27 18:04:00,1.6,1.6
2021-05-28 00:27:00,,1.1
2021-05-28 06:57:00,1.5,1.5
2021-05-28 12:39:00,,1.1
2021-05-28 18:49:00,,1.1
2021-05-29 01:12:00,,1.1
2021-05-29 07:48:00,1.5,1.5
2021-05-29 13:29:00,0.5,0.5
2021-05-29 19:35:00,,1.1
2021-05-30 01:58:00,,1.1
2021-05-30 08:42:00,1.4,1.4
2021-05-30 14:23:00,0.6,0.6
2021-05-30 20:25:00,,1.1
2021-05-31 02:48:00,0.3,0.3
2021-05-31 09:41:00,1.4,1.4
2021-05-31 15:27:00,0.7,0.7
2021-05-31 21:22:00,1.2,1.2
2021-06-01 03:43:00,0.4,0.4
2021-06-01 10:45:00,,1.1
2021-06-01 16:42:00,0.7,0.7
2021-06-01 22:28:00,1.1,1.1
2021-06-02 04:44:00,0.5,0.5
2021-06-02 11:51:00,,1.1
2021-06-02 18:07:00,0.7,0.7
2021-06-02 23:44:00,,1.1
2021-06-03 05:51:00,0.5,0.5
2021-06-03 12:53:00,1.3,1.3
2021-06-03 19:21:00,0.7,0.7
2021-06-04 01:01:00,,1.1
2021-06-04 06:55:00,0.5,0.5
2021-06-04 13:46:00,1.3,1.3
2021-06-04 20:16:00,,1.1
2021-06-05 02:07:00,1.1,1.1
2021-06-05 07:51:00,0.5,0.5
2021-06-05 14:30:00,,1.1
2021-06-05 20:59:00,,1.1
2021-06-06 03:00:00,1.1,1.1
2021-06-06 08:38:00,0.5,0.5
2021-06-06 15:07:00,,1.1
2021-06-06 21:34:00,0.4,0.4
2021-06-07 03:45:00,1.2,1.2
2021-06-07 09:20:00,0.5,0.5
2021-06-07 15:40:00,1.4,1.4
2021-06-07 22:08:00,,1.1
2021-06-08 04:24:00,,1.1
2021-06-08 09:58:00,,1.1
2021-06-08 16:12:00,1.4,1.4
2021-06-08 22:40:00,,1.1
2021-06-09 05:01:00,,1.1
2021-06-09 10:35:00,,1.1
2021-06-09 16:42:00,1.5,1.5
2021-06-09 23:13:00,0.3,0.3
2021-06-10 05:36:00,1.3,1.3
2021-06-10 11:10:00,,1.1
2021-06-10 17:13:00,1.5,1.5
2021-06-10 23:45:00,,1.1
2021-06-11 06:11:00,1.3,1.3
2021-06-11 11:46:00,0.6,0.6
2021-06-11 17:46:00,1.5,1.5
2021-06-12 00:18:00,0.2,0.2
2021-06-12 06:47:00,,1.1
2021-06-12 12:23:00,,1.1
2021-06-12 18:20:00,,1.1
2021-06-13 00:52:00,,1.1
2021-06-13 07:24:00,,1.1
2021-06-13 13:02:00,0.6,0.6
2021-06-13 18:57:00,,1.1
2021-06-14 01:29:00,0.2,0.2
2021-06-14 08:05:00,,1.1
2021-06-14 13:45:00,0.6,0.6
2021-06-14 19:38:00,,1.1
2021-06-15 02:08:00,,1.1
2021-06-15 08:50:00,1.3,1.3
2021-06-15 14:35:00,0.6,0.6
2021-06-15 20:25:00,1.3,1.3
2021-06-16 02:52:00,0.3,0.3
2021-06-16 09:39:00,,1.1
2021-06-16 15:33:00,0.6,0.6
2021-06-16 21:22:00,,1.1
2021-06-17 03:42:00,,1.1
2021-06-17 10:35:00,,1.1
2021-06-17 16:42:00,0.6,0.6
2021-06-17 22:29:00,,1.1
2021-06-18 04:42:00,0.4,0.4
2021-06-18 11:35:00,,1.1
2021-06-18 17:57:00,0.6,0.6
2021-06-18 23:45:00,1.2,1.2
2021-06-19 05:48:00,,1.1
2021-06-19 12:36:00,1.4,1.4
2021-06-19 19:08:00,,1.1
2021-06-20 01:02:00,,1.1
2021-06-20 06:56:00,0.4,0.4
2021-06-20 13:34:00,,1.1
2021-06-20 20:10:00,,1.1
2021-06-21 02:13:00,,1.1
2021-06-21 08:02:00,,1.1
2021-06-21 14:30:00,,1.1
2021-06-21 21:05:00,0.3,0.3
2021-06-22 03:17:00,1.3,1.3
2021-06-22 09:01:00,0.4,0.4
2021-06-22 15:23:00,1.6,1.6
2021-06-22 21:55:00,0.2,0.2
2021-06-23 04:14:00,,1.1
2021-06-23 09:57:00,0.4,0.4
2021-06-23 16:13:00,1.6,1.6
2021-06-23 22:43:00,0.1,0.1
2021-06-24 05:08:00,,1.1
2021-06-24 10:49:00,,1.1
2021-06-24 17:01:00,,1.1
2021-06-24 23:28:00,0.1,0.1
2021-06-25 05:59:00,,1.1
2021-06-25 11:40:00,,1.1
2021-06-25 17:48:00,1.6,1.6
2021-06-26 00:13:00,0.1,0.1
2021-06-26 06:48:00,,1.1
2021-06-26 12:29:00,,1.1
2021-06-26 18:34:00,1.5,1.5
2021-06-27 00:57:00,,1.1
2021-06-27 07:37:00,,1.1
2021-06-27 13:19:00,,1.1
2021-06-27 19:21:00,1.4,1.4
2021-06-28 01:41:00,,1.1
2021-06-28 08:26:00,1.5,1.5
2021-06-28 14:10:00,0.6,0.6
2021-06-28 20:07:00,1.3,1.3
2021-06-29 02:25:00,0.2,0.2
2021-06-29 09:15:00,1.4,1.4
2021-06-29 15:04:00,0.6,0.6
2021-06-29 20:56:00,1.3,1.3
2021-06-30 03:11:00,,1.1
2021-06-30 10:06:00,,1.1
2021-06-30 16:03:00,0.6,0.6
2021-06-30 21:50:00,1.2,1.2
2021-07-01 03:59:00,,1.1
2021-07-01 10:58:00,1.3,1.3
2021-07-01 17:09:00,,1.1
2021-07-01 22:51:00,1.1,1.1
2021-07-02 04:52:00,,1.1
2021-07-02 11:51:00,,1.1
2021-07-02 18:17:00,,1.1
2021-07-03 00:00:00,,1.1
2021-07-03 05:50:00,0.6,0.6
2021-07-03 12:43:00,1.3,1.3
2021-07-03 19:20:00,0.6,0.6
2021-07-04 01:14:00,,1.1
2021-07-04 06:52:00,0.6,0.6
2021-07-04 13:32:00,,1.1
2021-07-04 20:14:00,0.5,0.5
2021-07-05 02:20:00,1.1,1.1
2021-07-05 07:50:00,0.6,0.6
2021-07-05 14:18:00,1.3,1.3
2021-07-05 20:59:00,,1.1
2021-07-06 03:16:00,,1.1
2021-07-06 08:43:00,,1.1
2021-07-06 15:00:00,,1.1
2021-07-06 21:40:00,0.4,0.4
2021-07-07 04:03:00,1.2,1.2
2021-07-07 09:30:00,,1.1
2021-07-07 15:39:00,,1.1
2021-07-07 22:17:00,,1.1
2021-07-08 04:44:00,1.2,1.2
2021-07-08 10:13:00,,1.1
2021-07-08 16:17:00,,1.1
2021-07-08 22:53:00,0.3,0.3
2021-07-09 05:21:00,1.3,1.3
2021-07-09 10:53:00,,1.1
2021-07-09 16:54:00,1.4,1.4
2021-07-09 23:28:00,0.2,0.2
2021-07-10 05:57:00,,1.1
2021-07-10 11:33:00,0.6,0.6
2021-07-10 17:31:00,1.4,1.4
2021-07-11 00:02:00,0.2,0.2
2021-07-11 06:32:00,,1.1
2021-07-11 12:12:00,0.5,0.5
2021-07-11 18:09:00,1.4,1.4
2021-07-12 00:37:00,0.2,0.2
2021-07-12 07:09:00,1.4,1.4
2021-07-12 12:52:00,,1.1
2021-07-12 18:48:00,,1.1
2021-07-13 01:12:00,0.2,0.2
2021-07-13 07:47:00,,1.1
2021-07-13 13:35:00,0.5,0.5
2021-07-13 19:30:00,1.4,1.4
2021-07-14 01:50:00,,1.1
2021-07-14 08:28:00,1.4,1.4
2021-07-14 14:21:00,,1.1
2021-07-14 20:15:00,,1.1
2021-07-15 02:31:00,0.3,0.3
2021-07-15 09:13:00,1.5,1.5
2021-07-15 15:13:00,0.5,0.5
2021-07-15 21:06:00,,1.1
2021-07-16 03:17:00,0.3,0.3
2021-07-16 10:02:00,1.5,1.5
2021-07-16 16:12:00,0.5,0.5
2021-07-16 22:06:00,,1.1
2021-07-17 04:09:00,0.4,0.4
2021-07-17 10:57:00,1.4,1.4
2021-07-17 17:20:00,,1.1
2021-07-17 23:17:00,,1.1
2021-07-18 05:11:00,,1.1
2021-07-18 11:58:00,1.4,1.4
2021-07-18 18:33:00,,1.1
2021-07-19 00:36:00,,1.1
2021-07-19 06:23:00,0.5,0.5
2021-07-19 13:02:00,,1.1
2021-07-19 19:44:00,,1.1
2021-07-20 01:56:00,1.2,1.2
2021-07-20 07:38:00,0.5,0.5
2021-07-20 14:06:00,1.4,1.4
2021-07-20 20:47:00,,1.1
2021-07-21 03:08:00,1.3,1.3
2021-07-21 08:48:00,0.5,0.5
2021-07-21 15:06:00,,1.1
2021-07-21 21:42:00,0.2,0.2
2021-07-22 04:09:00,1.3,1.3
2021-07-22 09:49:00,,1.1
2021-07-22 16:01:00,1.5,1.5
2021-07-22 22:31:00,0.2,0.2
2021-07-23 05:02:00,1.4,1.4
2021-07-23 10:43:00,,1.1
2021-07-23 16:51:00,,1.1
2021-07-23 23:16:00,,1.1
2021-07-24 05:50:00,1.5,1.5
2021-07-24 11:33:00,0.5,0.5
2021-07-24 17:38:00,,1.1
2021-07-24 23:59:00,0.1,0.1
2021-07-25 06:35:00,1.5,1.5
2021-07-25 12:19:00,0.5,0.5
2021-07-25 18:22:00,1.5,1.5
2021-07-26 00:39:00,0.1,0.1
2021-07-26 07:17:00,1.5,1.5
2021-07-26 13:03:00,0.5,0.5
2021-07-26 19:04:00,1.4,1.4
2021-07-27 01:18:00,0.2,0.2
2021-07-27 07:58:00,,1.1
2021-07-27 13:46:00,,1.1
2021-07-27 19:45:00,1.4,1.4
2021-07-28 01:56:00,0.2,0.2
2021-07-28 08:38:00,1.5,1.5
2021-07-28 14:30:00,,1.1
2021-07-28 20:45:00,1.3,1.3
2021-07-29 02:34:00,0.3,0.3
2021-07-29 09:17:00,1.4,1.4
2021-07-29 15:15:00,0.6,0.6
2021-07-29 21:08:00,1.2,1.2
2021-07-30 03:13:00,0.4,0.4
2021-07-30 09:58:00,1.4,1.4
2021-07-30 16:05:00,0.6,0.6
2021-07-30 21:57:00,1.1,1.1
2021-07-31 03:55:00,0.5,0.5
2021-07-31 10:42:00,1.3,1.3
2021-07-31 17:04:00,0.6,0.6
2021-07-31 22:56:00,,1.1
2021-08-01 04:45:00,0.6,0.6
2021-08-01 11:31:00,,1.1
2021-08-01 18:11:00,,1.1
2021-08-02 00:12:00,1.0,1.0
2021-08-02 05:48:00,0.7,0.7
2021-08-02 12:27:00,,1.1
2021-08-02 19:21:00,,1.1
2021-08-03 01:36:00,,1.1
2021-08-03 07:02:00,0.7,0.7
2021-08-03 13:27:00,1.3,1.3
2021-08-03 20:22:00,,1.1
2021-08-04 02:49:00,1.1,1.1
2021-08-04 08:12:00,0.7,0.7
2021-08-04 14:24:00,1.3,1.3
2021-08-04 21:12:00,0.5,0.5
2021-08-05 03:42:00,1.2,1.2
2021-08-05 09:10:00,0.7,0.7
2021-08-05 15:14:00,1.3,1.3
2021-08-05 21:54:00,0.4,0.4
2021-08-06 04:24:00,1.2,1.2
2021-08-06 09:58:00,,1.1
2021-08-06 15:59:00,1.4,1.4
2021-08-06 22:32:00,0.3,0.3
2021-08-07 05:01:00,1.3,1.3
2021-08-07 10:40:00,,1.1
2021-08-07 16:39:00,,1.1
2021-08-07 23:07:00,,1.1
2021-08-08 05:35:00,1.4,1.4
2021-08-08 11:20:00,,1.1
2021-08-08 17:19:00,1.5,1.5
2021-08-08 23:42:00,,1.1
2021-08-09 06:10:00,1.5,1.5
2021-08-09 11:59:00,,1.1
2021-08-09 17:57:00,1.5,1.5
2021-08-10 00:16:00,0.2,0.2
2021-08-10 06:45:00,1.5,1.5
2021-08-10 12:37:00,,1.1
2021-08-10 18:37:00,1.5,1.5
2021-08-11 00:51:00,,1.1
2021-08-11 07:21:00,1.6,1.6
2021-08-11 13:18:00,0.4,0.4
2021-08-11 19:18:00,,1.1
2021-08-12 01:28:00,,1.1
2021-08-12 08:00:00,1.6,1.6
2021-08-12 14:01:00,0.4,0.4
2021-08-12 20:01:00,1.4,1.4
2021-08-13 02:08:00,0.3,0.3
2021-08-13 08:42:00,,1.1
2021-08-13 14:48:00,0.4,0.4
2021-08-13 20:50:00,1.3,1.3
2021-08-14 02:50:00,0.3,0.3
2021-08-14 09:28:00,1.5,1.5
2021-08-14 15:42:00,0.5,0.5
2021-08-14 21:46:00,,1.1
2021-08-15 03:41:00,0.4,0.4
2021-08-15 10:21:00,,1.1
2021-08-15 16:46:00,,1.1
2021-08-15 22:56:00,1.2,1.2
2021-08-16 04:43:00,0.5,0.5
2021-08-16 11:25:00,,1.1
2021-08-16 18:03:00,0.5,0.5
2021-08-17 00:22:00,1.2,1.2
2021-08-17 06:03:00,,1.1
2021-08-17 12:39:00,1.4,1.4
2021-08-17 19:25:00,0.5,0.5
2021-08-18 01:51:00,1.2,1.2
2021-08-18 07:33:00,0.7,0.7
2021-08-18 13:54:00,,1.1
2021-08-18 20:36:00,0.4,0.4
2021-08-19 03:06:00,1.3,1.3
2021-08-19 08:50:00,,1.1
2021-08-19 15:01:00,1.4,1.4
2021-08-19 21:33:00,0.3,0.3
2021-08-20 04:05:00,1.4,1.4
2021-08-20 09:51:00,0.6,0.6
2021-08-20 15:56:00,1.5,1.5
2021-08-20 22:20:00,0.2,0.2
2021-08-21 04:53:00,,1.1
2021-08-21 10:41:00,,1.1
2021-08-21 16:45:00,1.5,1.5
2021-08-21 23:02:00,0.2,0.2
2021-08-22 05:35:00,1.5,1.5
2021-08-22 11:24:00,,1.1
2021-08-22 17:27:00,1.5,1.5
2021-08-22 23:40:00,0.2,0.2
2021-08-23 06:12:00,,1.1
2021-08-23 12:03:00,0.4,0.4
2021-08-23 18:06:00,1.5,1.5
2021-08-24 00:15:00,,1.1
2021-08-24 06:48:00,1.6,1.6
2021-08-24 12:40:00,0.4,0.4
2021-08-24 18:43:00,,1.1
2021-08-25 00:49:00,0.2,0.2
2021-08-25 07:21:00,1.6,1.6
2021-08-25 13:16:00,,1.1
2021-08-25 19:18:00,,1.1
2021-08-26 01:22:00,,1.1
2021-08-26 07:53:00,1.5,1.5
2021-08-26 13:52:00,0.5,0.5
2021-08-26 19:53:00,,1.1
2021-08-27 01:55:00,,1.1
2021-08-27 08:25:00,1.5,1.5
2021-08-27 14:29:00,,1.1
2021-08-27 20:30:00,,1.1
2021-08-28 02:29:00,0.5,0.5
2021-08-28 08:57:00,,1.1
2021-08-28 15:09:00,,1.1
2021-08-28 21:11:00,1.2,1.2
2021-08-29 03:04:00,0.6,0.6
2021-08-29 09:33:00,1.3,1.3
2021-08-29 15:57:00,,1.1
2021-08-29 22:02:00,1.1,1.1
2021-08-30 03:48:00,,1.1
2021-08-30 10:17:00,,1.1
2021-08-30 16:59:00,,1.1
2021-08-30 23:14:00,1.1,1.1
2021-08-31 04:47:00,,1.1
2021-08-31 11:17:00,1.2,1.2
2021-08-31 18:19:00,0.6,0.6
2021-09-01 00:51:00,,1.1
2021-09-01 06:19:00,,1.1
2021-09-01 12:35:00,,1.1
2021-09-01 19:39:00,,1.1
2021-09-02 02:18:00,,1.1
2021-09-02 07:50:00,0.8,0.8
2021-09-02 13:52:00,,1.1
2021-09-02 20:40:00,0.5,0.5
2021-09-03 03:15:00,,1.1
2021-09-03 08:55:00,0.7,0.7
2021-09-03 14:52:00,,1.1
2021-09-03 21:26:00,0.4,0.4
2021-09-04 03:56:00,1.3,1.3
2021-09-04 09:43:00,,1.1
2021-09-04 15:40:00,1.4,1.4
2021-09-04 22:05:00,0.4,0.4
2021-09-05 04:31:00,1.4,1.4
2021-09-05 10:24:00,,1.1
2021-09-05 16:23:00,1.5,1.5
2021-09-05 22:41:00,0.3,0.3
2021-09-06 05:05:00,1.5,1.5
2021-09-06 11:02:00,0.4,0.4
2021-09-06 17:03:00,1.5,1.5
2021-09-06 23:16:00,,1.1
2021-09-07 05:40:00,,1.1
2021-09-07 11:39:00,,1.1
2021-09-07 17:42:00,1.6,1.6
2021-09-07 23:51:00,0.2,0.2
2021-09-08 06:15:00,1.7,1.7
2021-09-08 12:18:00,0.3,0.3
2021-09-08 18:22:00,,1.1
2021-09-09 00:27:00,,1.1
2021-09-09 06:51:00,,1.1
2021-09-09 12:57:00,0.3,0.3
2021-09-09 19:03:00,,1.1
2021-09-10 01:05:00,0.2,0.2
2021-09-10 07:30:00,1.7,1.7
2021-09-10 13:38:00,0.3,0.3
2021-09-10 19:47:00,1.5,1.5
2021-09-11 01:45:00,0.3,0.3
2021-09-11 08:11:00,1.6,1.6
2021-09-11 14:23:00,,1.1
2021-09-11 20:35:00,,1.1
2021-09-12 02:29:00,,1.1
2021-09-12 08:56:00,1.5,1.5
2021-09-12 15:14:00,0.4,0.4
2021-09-12 21:32:00,1.3,1.3
2021-09-13 03:20:00,0.5,0.5
2021-09-13 09:50:00,,1.1
2021-09-13 16:17:00,,1.1
2021-09-13 22:46:00,,1.1
2021-09-14 04:27:00,0.7,0.7
2021-09-14 10:59:00,,1.1
2021-09-14 17:39:00,0.5,0.5
2021-09-15 00:19:00,1.2,1.2
2021-09-15 06:03:00,0.7,0.7
2021-09-15 12:25:00,,1.1
2021-09-15 19:10:00,,1.1
2021-09-16 01:53:00,,1.1
2021-09-16 07:46:00,,1.1
2021-09-16 13:51:00,,1.1
2021-09-16 20:25:00,0.5,0.5
2021-09-17 03:02:00,1.4,1.4
2021-09-17 09:00:00,0.7,0.7
2021-09-17 14:59:00,1.4,1.4
2021-09-17 21:20:00,0.4,0.4
2021-09-18 03:54:00,1.4,1.4
2021-09-18 09:52:00,0.6,0.6
2021-09-18 15:51:00,1.4,1.4
2021-09-18 22:04:00,,1.1
2021-09-19 04:35:00,,1.1
2021-09-19 10:33:00,0.5,0.5
2021-09-19 16:34:00,1.5,1.5
2021-09-19 22:41:00,,1.1
2021-09-20 05:10:00,,1.1
2021-09-20 11:09:00,0.4,0.4
2021-09-20 17:12:00,1.5,1.5
2021-09-20 23:15:00,0.3,0.3
2021-09-21 05:43:00,1.6,1.6
2021-09-21 11:42:00,,1.1
2021-09-21 17:47:00,1.5,1.5
2021-09-21 23:47:00,0.3,0.3
2021-09-22 06:12:00,,1.1
2021-09-22 12:13:00,,1.1
2021-09-22 18:20:00,,1.1
2021-09-23 00:17:00,0.3,0.3
2021-09-23 06:40:00,1.6,1.6
2021-09-23 12:44:00,0.4,0.4
2021-09-23 18:52:00,,1.1
2021-09-24 00:48:00,0.4,0.4
2021-09-24 07:07:00,1.6,1.6
2021-09-24 13:15:00,0.4,0.4
2021-09-24 19:24:00,,1.1
2021-09-25 01:18:00,0.5,0.5
2021-09-25 07:35:00,1.5,1.5
2021-09-25 13:48:00,0.4,0.4
2021-09-25 19:58:00,1.4,1.4
2021-09-26 01:49:00,0.5,0.5
2021-09-26 08:03:00,1.4,1.4
2021-09-26 14:24:00,,1.1
2021-09-26 20:36:00,1.3,1.3
2021-09-27 02:23:00,,1.1
2021-09-27 08:34:00,,1.1
2021-09-27 15:05:00,0.6,0.6
2021-09-27 21:24:00,,1.1
2021-09-28 03:03:00,,1.1
2021-09-28 09:15:00,1.3,1.3
2021-09-28 15:58:00,0.6,0.6
2021-09-28 22:30:00,,1.1
2021-09-29 04:01:00,0.8,0.8
2021-09-29 10:14:00,1.2,1.2
2021-09-29 17:14:00,,1.1
2021-09-30 00:06:00,1.1,1.1
2021-09-30 05:43:00,0.9,0.9
2021-09-30 11:43:00,1.2,1.2
2021-09-30 18:45:00,0.7,0.7
2021-10-01 01:36:00,1.2,1.2
2021-10-01 07:29:00,0.8,0.8
2021-10-01 13:17:00,1.2,1.2
2021-10-01 19:56:00,0.6,0.6
2021-10-02 02:35:00,1.3,1.3
2021-10-02 08:35:00,,1.1
2021-10-02 14:25:00,,1.1
2021-10-02 20:48:00,0.5,0.5
2021-10-03 03:17:00,,1.1
2021-10-03 09:21:00,0.6,0.6
2021-10-03 15:17:00,1.4,1.4
2021-10-03 21:30:00,0.4,0.4
2021-10-04 03:54:00,,1.1
2021-10-04 10:01:00,,1.1
2021-10-04 16:01:00,1.5,1.5
2021-10-04 22:09:00,,1.1
2021-10-05 04:31:00,1.6,1.6
2021-10-05 10:39:00,,1.1
2021-10-05 16:43:00,1.6,1.6
2021-10-05 22:46:00,,1.1
2021-10-06 05:07:00,1.7,1.7
2021-10-06 11:17:00,,1.1
2021-10-06 17:24:00,1.6,1.6
2021-10-06 23:24:00,0.2,0.2
2021-10-07 05:44:00,,1.1
2021-10-07 11:56:00,0.2,0.2
2021-10-07 18:05:00,1.6,1.6
2021-10-08 00:03:00,0.3,0.3
2021-10-08 06:22:00,1.8,1.8
2021-10-08 12:35:00,,1.1
2021-10-08 18:48:00,1.6,1.6
2021-10-09 00:43:00,0.3,0.3
2021-10-09 07:01:00,,1.1
2021-10-09 13:17:00,0.2,0.2
2021-10-09 19:35:00,1.6,1.6
2021-10-10 01:25:00,0.4,0.4
2021-10-10 07:43:00,1.7,1.7
2021-10-10 14:02:00,0.3,0.3
2021-10-10 20:26:00,,1.1
2021-10-11 02:12:00,,1.1
2021-10-11 08:30:00,1.5,1.5
2021-10-11 14:53:00,0.4,0.4
2021-10-11 21:26:00,1.4,1.4
2021-10-12 03:08:00,,1.1
2021-10-12 09:26:00,,1.1
2021-10-12 15:55:00,0.5,0.5
2021-10-12 22:43:00,1.3,1.3
2021-10-13 04:25:00,0.8,0.8
2021-10-13 10:41:00,,1.1
2021-10-13 17:17:00,0.6,0.6
2021-10-14 00:16:00,,1.1
2021-10-14 06:16:00,0.8,0.8
2021-10-14 12:15:00,1.2,1.2
2021-10-14 18:49:00,0.6,0.6
2021-10-15 01:42:00,,1.1
2021-10-15 07:55:00,0.8,0.8
2021-10-15 13:43:00,1.3,1.3
2021-10-15 20:03:00,,1.1
2021-10-16 02:44:00,,1.1
2021-10-16 08:57:00,,1.1
2021-10-16 14:49:00,1.3,1.3
2021-10-16 20:56:00,0.5,0.5
2021-10-17 03:30:00,1.5,1.5
2021-10-17 09:41:00,,1.1
2021-10-17 15:38:00,,1.1
2021-10-17 21:38:00,0.4,0.4
2021-10-18 04:08:00,,1.1
2021-10-18 10:16:00,0.5,0.5
2021-10-18 16:18:00,,1.1
2021-10-18 22:13:00,0.4,0.4
2021-10-19 04:40:00,1.6,1.6
2021-10-19 10:47:00,0.4,0.4
2021-10-19 16:54:00,,1.1
2021-10-19 22:46:00,,1.1
2021-10-20 05:09:00,1.6,1.6
2021-10-20 11:17:00,0.4,0.4
2021-10-20 17:26:00,,1.1
2021-10-20 23:16:00,0.4,0.4
2021-10-21 05:35:00,1.6,1.6
2021-10-21 11:46:00,,1.1
2021-10-21 17:58:00,1.5,1.5
2021-10-21 23:46:00,0.4,0.4
2021-10-22 06:01:00,,1.1
2021-10-22 12:15:00,0.3,0.3
2021-10-22 18:29:00,,1.1
2021-10-23 00:16:00,0.5,0.5
2021-10-23 06:27:00,,1.1
2021-10-23 12:45:00,0.4,0.4
2021-10-23 19:01:00,1.4,1.4
2021-10-24 00:47:00,,1.1
2021-10-24 06:53:00,1.5,1.5
2021-10-24 13:17:00,,1.1
2021-10-24 19:35:00,,1.1
2021-10-25 01:18:00,0.6,0.6
2021-10-25 07:21:00,,1.1
2021-10-25 13:50:00,0.4,0.4
2021-10-25 20:14:00,1.3,1.3
2021-10-26 01:53:00,,1.1
2021-10-26 07:53:00,1.4,1.4
2021-10-26 14:29:00,,1.1
2021-10-26 21:01:00,,1.1
2021-10-27 02:36:00,0.8,0.8
2021-10-27 08:33:00,1.3,1.3
2021-10-27 15:16:00,,1.1
2021-10-27 22:02:00,1.2,1.2
2021-10-28 03:36:00,0.9,0.9
2021-10-28 09:30:00,,1.1
2021-10-28 16:20:00,0.6,0.6
2021-10-28 23:22:00,,1.1
2021-10-29 05:12:00,0.9,0.9
2021-10-29 10:57:00,1.2,1.2
2021-10-29 17:43:00,0.7,0.7
2021-10-30 00:42:00,1.3,1.3
2021-10-30 06:55:00,,1.1
2021-10-30 12:33:00,1.2,1.2
2021-10-30 19:00:00,,1.1
2021-10-31 01:44:00,1.4,1.4
2021-10-31 08:02:00,0.7,0.7
2021-10-31 13:49:00,1.3,1.3
2021-10-31 20:00:00,,1.1
2021-11-01 02:32:00,,1.1
2021-11-01 08:51:00,,1.1
2021-11-01 14:46:00,,1.1
2021-11-01 20:49:00,,1.1
2021-11-02 03:15:00,1.6,1.6
2021-11-02 09:34:00,,1.1
2021-11-02 15:36:00,1.5,1.5
2021-11-02 21:34:00,,1.1
2021-11-03 03:55:00,1.7,1.7
2021-11-03 10:14:00,0.3,0.3
2021-11-03 16:21:00,1.6,1.6
2021-11-03 22:16:00,,1.1
2021-11-04 04:35:00,1.8,1.8
2021-11-04 10:54:00,,1.1
2021-11-04 17:06:00,,1.1
2021-11-04 22:58:00,0.3,0.3
2021-11-05 05:15:00,1.8,1.8
2021-11-05 11:35:00,,1.1
2021-11-05 17:51:00,1.7,1.7
2021-11-05 23:41:00,0.4,0.4
2021-11-06 05:56:00,,1.1
2021-11-06 12:17:00,,1.1
2021-11-06 18:37:00,,1.1
2021-11-07 00:25:00,0.4,0.4
2021-11-07 06:39:00,,1.1
2021-11-07 13:00:00,0.2,0.2
2021-11-07 19:27:00,1.6,1.6
2021-11-08 01:11:00,0.5,0.5
2021-11-08 07:23:00,1.7,1.7
2021-11-08 13:46:00,,1.1
2021-11-08 20:21:00,1.5,1.5
2021-11-09 02:03:00,0.6,0.6
2021-11-09 08:12:00,1.5,1.5
2021-11-09 14:37:00,0.4,0.4
2021-11-09 21:23:00,,1.1
2021-11-10 03:03:00,,1.1
2021-11-10 09:10:00,1.4,1.4
2021-11-10 15:37:00,0.5,0.5
2021-11-10 22:36:00,,1.1
2021-11-11 04:25:00,0.8,0.8
2021-11-11 10:23:00,,1.1
2021-11-11 16:50:00,0.6,0.6
2021-11-11 23:57:00,1.4,1.4
2021-11-12 06:10:00,,1.1
2021-11-12 11:53:00,,1.1
2021-11-12 18:12:00,0.6,0.6
2021-11-13 01:12:00,1.4,1.4
2021-11-13 07:38:00,,1.1
2021-11-13 13:18:00,1.2,1.2
2021-11-13 19:24:00,,1.1
2021-11-14 02:10:00,1.5,1.5
2021-11-14 08:36:00,0.7,0.7
2021-11-14 14:25:00,1.3,1.3
2021-11-14 20:20:00,0.6,0.6
2021-11-15 02:56:00,1.5,1.5
2021-11-15 09:18:00,,1.1
2021-11-15 15:16:00,,1.1
2021-11-15 21:04:00,0.6,0.6
2021-11-16 03:33:00,1.6,1.6
2021-11-16 09:52:00,,1.1
2021-11-16 15:58:00,,1.1
2021-11-16 21:41:00,0.6,0.6
2021-11-17 04:05:00,,1.1
2021-11-17 10:23:00,0.5,0.5
2021-11-17 16:34:00,,1.1
2021-11-17 22:15:00,,1.1
2021-11-18 04:34:00,,1.1
2021-11-18 10:52:00,0.4,0.4
2021-11-18 17:08:00,,1.1
2021-11-18 22:48:00,0.6,0.6
2021-11-19 05:01:00,1.6,1.6
2021-11-19 11:22:00,,1.1
2021-11-19 17:40:00,1.5,1.5
2021-11-19 23:20:00,,1.1
2021-11-20 05:28:00,1.6,1.6
2021-11-20 11:51:00,,1.1
2021-11-20 18:13:00,,1.1
2021-11-20 23:52:00,0.6,0.6
2021-11-21 05:55:00,,1.1
2021-11-21 12:22:00,0.3,0.3
2021-11-21 18:46:00,1.5,1.5
2021-11-22 00:24:00,0.7,0.7
2021-11-22 06:24:00,1.6,1.6
2021-11-22 12:54:00,0.4,0.4
2021-11-22 19:22:00,1.4,1.4
2021-11-23 00:59:00,0.7,0.7
2021-11-23 06:55:00,1.5,1.5
2021-11-23 13:29:00,0.4,0.4
2021-11-23 20:01:00,,1.1
2021-11-24 01:37:00,0.8,0.8
2021-11-24 07:30:00,,1.1
2021-11-24 14:06:00,,1.1
2021-11-24 20:45:00,1.4,1.4
2021-11-25 02:22:00,0.8,0.8
2021-11-25 08:12:00,1.4,1.4
2021-11-25 14:50:00,0.5,0.5
2021-11-25 21:38:00,1.4,1.4
2021-11-26 03:21:00,,1.1
2021-11-26 09:07:00,1.3,1.3
2021-11-26 15:42:00,0.6,0.6
2021-11-26 22:41:00,,1.1
2021-11-27 04:39:00,0.9,0.9
2021-11-27 10:20:00,1.2,1.2
2021-11-27 16:47:00,0.6,0.6
2021-11-27 23:47:00,,1.1
2021-11-28 06:06:00,0.8,0.8
2021-11-28 11:45:00,1.2,1.2
2021-11-28 17:59:00,,1.1
2021-11-29 00:50:00,1.5,1.5
2021-11-29 07:19:00,0.7,0.7
2021-11-29 13:05:00,,1.1
2021-11-29 19:07:00,,1.1
2021-11-30 01:45:00,,1.1
2021-11-30 08:16:00,,1.1
2021-11-30 14:13:00,,1.1
2021-11-30 20:07:00,0.5,0.5
2021-12-01 02:35:00,1.7,1.7
2021-12-01 09:05:00,,1.1
2021-12-01 15:10:00,1.4,1.4
2021-12-01 21:00:00,0.5,0.5
2021-12-02 03:22:00,1.7,1.7
2021-12-02 09:51:00,0.3,0.3
2021-12-02 16:02:00,,1.1
2021-12-02 21:50:00,0.5,0.5
2021-12-03 04:08:00,1.8,1.8
2021-12-03 10:35:00,0.2,0.2
2021-12-03 16:52:00,,1.1
2021-12-03 22:38:00,,1.1
2021-12-04 04:53:00,,1.1
2021-12-04 11:18:00,,1.1
2021-12-04 17:41:00,1.6,1.6
2021-12-04 23:26:00,0.5,0.5
2021-12-05 05:37:00,1.8,1.8
2021-12-05 12:02:00,,1.1
2021-12-05 18:30:00,1.7,1.7
2021-12-06 00:14:00,0.5,0.5
2021-12-06 06:23:00,1.7,1.7
2021-12-06 12:47:00,,1.1
2021-12-06 19:21:00,1.6,1.6
2021-12-07 01:03:00,0.6,0.6
2021-12-07 07:10:00,,1.1
2021-12-07 13:33:00,0.3,0.3
2021-12-07 20:14:00,,1.1
2021-12-08 01:57:00,,1.1
2021-12-08 07:59:00,,1.1
2021-12-08 14:22:00,,1.1
2021-12-08 21:11:00,1.5,1.5
2021-12-09 02:57:00,,1.1
2021-12-09 08:54:00,1.4,1.4
2021-12-09 15:15:00,0.4,0.4
2021-12-09 22:13:00,1.5,1.5
2021-12-10 04:07:00,,1.1
2021-12-10 09:57:00,1.3,1.3
2021-12-10 16:14:00,,1.1
2021-12-10 23:18:00,,1.1
2021-12-11 05:31:00,,1.1
2021-12-11 11:12:00,1.2,1.2
2021-12-11 17:20:00,0.6,0.6
2021-12-12 00:23:00,1.5,1.5
2021-12-12 06:53:00,,1.1
2021-12-12 12:33:00,,1.1
2021-12-12 18:28:00,0.7,0.7
2021-12-13 01:22:00,,1.1
2021-12-13 07:57:00,,1.1
2021-12-13 13:46:00,,1.1
2021-12-13 19:30:00,0.7,0.7
2021-12-14 02:11:00,1.5,1.5
2021-12-14 08:45:00,0.6,0.6
2021-12-14 14:46:00,1.3,1.3
2021-12-14 20:22:00,,1.1
2021-12-15 02:53:00,1.5,1.5
2021-12-15 09:24:00,0.6,0.6
2021-12-15 15:34:00,,1.1
2021-12-15 21:07:00,,1.1
2021-12-16 03:29:00,,1.1
2021-12-16 09:58:00,,1.1
2021-12-16 16:16:00,1.4,1.4
2021-12-16 21:47:00,0.7,0.7
2021-12-17 04:01:00,1.6,1.6
2021-12-17 10:30:00,,1.1
2021-12-17 16:53:00,1.4,1.4
2021-12-17 22:24:00,,1.1
2021-12-18 04:32:00,1.6,1.6
2021-12-18 11:02:00,,1.1
2021-12-18 17:28:00,1.4,1.4
2021-12-18 23:00:00,,1.1
2021-12-19 05:03:00,1.6,1.6
2021-12-19 11:34:00,,1.1
2021-12-19 18:02:00,1.5,1.5
2021-12-19 23:36:00,,1.1
2021-12-20 05:35:00,1.6,1.6
2021-12-20 12:06:00,0.3,0.3
2021-12-20 18:36:00,,1.1
2021-12-21 00:11:00,0.7,0.7
2021-12-21 06:08:00,1.6,1.6
2021-12-21 12:39:00,,1.1
2021-12-21 19:11:00,1.5,1.5
2021-12-22 00:49:00,0.7,0.7
2021-12-22 06:42:00,1.5,1.5
2021-12-22 13:13:00,0.4,0.4
2021-12-22 19:48:00,1.5,1.5
2021-12-23 01:28:00,,1.1
2021-12-23 07:19:00,1.5,1.5
2021-12-23 13:49:00,,1.1
2021-12-23 20:27:00,1.5,1.5
2021-12-24 02:12:00,,1.1
2021-12-24 08:01:00,,1.1
2021-12-24 14:28:00,0.5,0.5
2021-12-24 21:12:00,1.5,1.5
2021-12-25 03:03:00,,1.1
2021-12-25 08:51:00,1.4,1.4
2021-12-25 15:12:00,0.5,0.5
2021-12-25 22:02:00,1.5,1.5
2021-12-26 04:05:00,0.8,0.8
2021-12-26 09:51:00,,1.1
2021-12-26 16:04:00,0.6,0.6
2021-12-26 22:58:00,1.5,1.5
2021-12-27 05:16:00,0.8,0.8
2021-12-27 11:03:00,1.3,1.3
2021-12-27 17:07:00,,1.1
2021-12-27 23:58:00,,1.1
2021-12-28 06:31:00,,1.1
2021-12-28 12:22:00,,1.1
2021-12-28 18:17:00,0.6,0.6
2021-12-29 01:00:00,,1.1
2021-12-29 07:39:00,,1.1
2021-12-29 13:40:00,1.3,1.3
2021-12-29 19:27:00,,1.1
2021-12-30 01:59:00,,1.1
2021-12-30 08:38:00,,1.1
2021-12-30 14:48:00,,1.1
2021-12-30 20:32:00,,1.1
2021-12-31 02:55:00,1.7,1.7
2021-12-31 09:31:00,0.4,0.4
2021-12-31 15:49:00,1.5,1.5
2021-12-31 21:31:00,,1.1
2022-01-01 03:47:00,1.7,1.7
2022-01-01 10:20:00,0.3,0.3
2022-01-01 16:45:00,,1.1
2022-01-01 22:27:00,0.6,0.6
2022-01-02 04:38:00,,1.1
2022-01-02 11:07:00,0.2,0.2
2022-01-02 17:37:00,1.6,1.6
2022-01-02 23:19:00,,1.1
2022-01-03 05:27:00,1.7,1.7
2022-01-03 11:52:00,0.2,0.2
2022-01-03 18:26:00,1.7,1.7
2022-01-04 00:09:00,,1.1
2022-01-04 06:14:00,,1.1
2022-01-04 12:37:00,,1.1
2022-01-04 19:14:00,,1.1
2022-01-05 00:59:00,,1.1
2022-01-05 07:01:00,1.6,1.6
2022-01-05 13:20:00,0.2,0.2
2022-01-05 20:02:00,,1.1
2022-01-06 01:48:00,0.6,0.6
2022-01-06 07:47:00,,1.1
2022-01-06 14:04:00,,1.1
2022-01-06 20:49:00,1.6,1.6
2022-01-07 02:40:00,0.7,0.7
2022-01-07 08:35:00,1.5,1.5
2022-01-07 14:47:00,0.4,0.4
2022-01-07 21:37:00,1.6,1.6
2022-01-08 03:34:00,,1.1
2022-01-08 09:25:00,,1.1
2022-01-08 15:33:00,0.5,0.5
2022-01-08 22:27:00,1.5,1.5
2022-01-09 04:35:00,,1.1
2022-01-09 10:22:00,,1.1
2022-01-09 16:22:00,0.6,0.6
2022-01-09 23:19:00,,1.1
2022-01-10 05:42:00,,1.1
2022-01-10 11:29:00,1.2,1.2
2022-01-10 17:17:00,,1.1
2022-01-11 00:13:00,1.4,1.4
2022-01-11 06:52:00,0.7,0.7
2022-01-11 12:47:00,,1.1
2022-01-11 18:21:00,,1.1
2022-01-12 01:08:00,1.4,1.4
2022-01-12 07:55:00,,1.1
2022-01-12 14:05:00,,1.1
2022-01-12 19:28:00,0.8,0.8
2022-01-13 02:00:00,1.4,1.4
2022-01-13 08:47:00,0.6,0.6
2022-01-13 15:10:00,1.2,1.2
2022-01-13 20:29:00,0.8,0.8
2022-01-14 02:48:00,1.4,1.4
2022-01-14 09:31:00,,1.1
2022-01-14 16:00:00,1.3,1.3
2022-01-14 21:22:00,,1.1
2022-01-15 03:30:00,1.5,1.5
2022-01-15 10:09:00,,1.1
2022-01-15 16:41:00,1.4,1.4
2022-01-15 22:07:00,0.8,0.8
2022-01-16 04:10:00,1.5,1.5
2022-01-16 10:45:00,0.4,0.4
2022-01-16 17:17:00,,1.1
2022-01-16 22:47:00,0.7,0.7
2022-01-17 04:46:00,1.5,1.5
2022-01-17 11:19:00,,1.1
2022-01-17 17:50:00,1.5,1.5
2022-01-17 23:25:00,,1.1
2022-01-18 05:22:00,,1.1
2022-01-18 11:51:00,0.3,0.3
2022-01-18 18:22:00,1.5,1.5
2022-01-19 00:02:00,,1.1
2022-01-19 05:57:00,,1.1
2022-01-19 12:23:00,0.3,0.3
2022-01-19 18:54:00,1.5,1.5
2022-01-20 00:38:00,0.7,0.7
2022-01-20 06:33:00,1.6,1.6
2022-01-20 12:56:00,,1.1
2022-01-20 19:27:00,,1.1
2022-01-21 01:16:00,0.6,0.6
2022-01-21 07:09:00,1.5,1.5
2022-01-21 13:29:00,0.3,0.3
2022-01-21 20:02:00,1.6,1.6
2022-01-22 01:56:00,0.6,0.6
2022-01-22 07:49:00,1.5,1.5
2022-01-22 14:04:00,,1.1
2022-01-22 20:40:00,,1.1
2022-01-23 02:40:00,,1.1
2022-01-23 08:33:00,,1.1
2022-01-23 14:43:00,0.4,0.4
2022-01-23 21:23:00,1.6,1.6
2022-01-24 03:30:00,0.6,0.6
2022-01-24 09:24:00,1.4,1.4
2022-01-24 15:27:00,,1.1
2022-01-24 22:12:00,1.6,1.6
2022-01-25 04:30:00,0.7,0.7
2022-01-25 10:26:00,1.3,1.3
2022-01-25 16:22:00,,1.1
2022-01-25 23:09:00,,1.1
2022-01-26 05:42:00,0.7,0.7
2022-01-26 11:45:00,1.2,1.2
2022-01-26 17:31:00,0.7,0.7
2022-01-27 00:15:00,1.5,1.5
2022-01-27 07:02:00,,1.1
2022-01-27 13:14:00,,1.1
2022-01-27 18:54:00,,1.1
2022-01-28 01:27:00,1.5,1.5
2022-01-28 08:15:00,0.5,0.5
2022-01-28 14:38:00,1.3,1.3
2022-01-28 20:17:00,0.7,0.7
2022-01-29 02:37:00,1.6,1.6
2022-01-29 09:18:00,,1.1
2022-01-29 15:46:00,1.4,1.4
2022-01-29 21:27:00,,1.1
2022-01-30 03:38:00,1.6,1.6
2022-01-30 10:11:00,,1.1
2022-01-30 16:42:00,1.5,1.5
2022-01-30 22:25:00,0.6,0.6
2022-01-31 04:32:00,,1.1
2022-01-31 10:58:00,0.2,0.2
2022-01-31 17:30:00,1.6,1.6
2022-01-31 23:17:00,,1.1
2022-02-01 05:21:00,1.7,1.7
2022-02-01 11:41:00,0.2,0.2
2022-02-01 18:15:00,1.7,1.7
2022-02-02 00:03:00,,1.1
2022-02-02 06:06:00,1.7,1.7
2022-02-02 12:22:00,,1.1
2022-02-02 18:57:00,1.7,1.7
2022-02-03 00:47:00,0.5,0.5
2022-02-03 06:48:00,,1.1
2022-02-03 13:01:00,,1.1
2022-02-03 19:36:00,1.7,1.7
2022-02-04 01:29:00,,1.1
2022-02-04 07:29:00,,1.1
2022-02-04 13:38:00,0.3,0.3
2022-02-04 20:15:00,1.7,1.7
2022-02-05 02:10:00,,1.1
2022-02-05 08:06:00,1.5,1.5
2022-02-05 14:14:00,0.4,0.4
2022-02-05 20:53:00,1.6,1.6
2022-02-06 02:52:00,,1.1
2022-02-06 08:50:00,1.4,1.4
2022-02-06 14:51:00,0.5,0.5
2022-02-06 21:31:00,1.5,1.5
2022-02-07 03:37:00,,1.1
2022-02-07 09:33:00,1.3,1.3
2022-02-07 15:29:00,,1.1
2022-02-07 22:10:00,,1.1
2022-02-08 04:29:00,0.7,0.7
2022-02-08 10:26:00,1.2,1.2
2022-02-08 16:13:00,0.7,0.7
2022-02-08 22:56:00,1.4,1.4
2022-02-09 05:33:00,,1.1
2022-02-09 11:38:00,1.1,1.1
2022-02-09 17:10:00,,1.1
2022-02-09 23:53:00,,1.1
2022-02-10 06:51:00,,1.1
2022-02-10 13:16:00,1.1,1.1
2022-02-10 18:32:00,,1.1
2022-02-11 01:02:00,1.3,1.3
2022-02-11 08:06:00,0.7,0.7
2022-02-11 14:45:00,1.2,1.2
2022-02-11 20:00:00,0.9,0.9
2022-02-12 02:11:00,,1.1
2022-02-12 09:03:00,0.6,0.6
2022-02-12 15:44:00,1.2,1.2
2022-02-12 21:07:00,0.8,0.8
2022-02-13 03:08:00,,1.1
2022-02-13 09:48:00,0.5,0.5
2022-02-13 16:24:00,,1.1
2022-02-13 21:56:00,,1.1
2022-02-14 03:54:00,,1.1
2022-02-14 10:25:00,0.4,0.4
2022-02-14 16:58:00,1.4,1.4
2022-02-14 22:37:00,0.7,0.7
2022-02-15 04:34:00,,1.1
2022-02-15 10:59:00,0.4,0.4
2022-02-15 17:28:00,,1.1
2022-02-15 23:13:00,,1.1
2022-02-16 05:10:00,1.5,1.5
2022-02-16 11:31:00,0.3,0.3
2022-02-16 17:58:00,,1.1
2022-02-16 23:48:00,0.6,0.6
2022-02-17 05:46:00,,1.1
2022-02-17 12:02:00,,1.1
2022-02-17 18:28:00,,1.1
2022-02-18 00:23:00,0.5,0.5
2022-02-18 06:21:00,1.6,1.6
2022-02-18 12:34:00,0.3,0.3
2022-02-18 19:00:00,1.7,1.7
2022-02-19 00:58:00,0.5,0.5
2022-02-19 06:57:00,1.6,1.6
2022-02-19 13:06:00,0.3,0.3
2022-02-19 19:33:00,1.7,1.7
2022-02-20 01:35:00,,1.1
2022-02-20 07:36:00,,1.1
2022-02-20 13:41:00,0.3,0.3
2022-02-20 20:09:00,,1.1
2022-02-21 02:16:00,,1.1
2022-02-21 08:18:00,1.5,1.5
2022-02-21 14:19:00,0.4,0.4
2022-02-21 20:49:00,,1.1
2022-02-22 03:02:00,0.5,0.5
2022-02-22 09:06:00,1.4,1.4
2022-02-22 15:01:00,0.5,0.5
2022-02-22 21:35:00,1.6,1.6
2022-02-23 03:56:00,0.6,0.6
2022-02-23 10:05:00,1.3,1.3
2022-02-23 15:54:00,0.6,0.6
2022-02-23 22:31:00,1.5,1.5
2022-02-24 05:05:00,,1.1
2022-02-24 11:25:00,1.2,1.2
2022-02-24 17:06:00,,1.1
2022-02-24 23:44:00,,1.1
2022-02-25 06:33:00,,1.1
2022-02-25 13:05:00,1.2,1.2
2022-02-25 18:45:00,0.8,0.8
2022-02-26 01:11:00,1.4,1.4
2022-02-26 08:00:00,,1.1
2022-02-26 14:36:00,,1.1
2022-02-26 20:22:00,0.8,0.8
2022-02-27 02:31:00,,1.1
2022-02-27 09:07:00,0.4,0.4
2022-02-27 15:42:00,,1.1
2022-02-27 21:32:00,0.7,0.7
2022-02-28 03:35:00,,1.1
2022-02-28 10:00:00,,1.1
2022-02-28 16:33:00,,1.1
2022-02-28 22:25:00,,1.1
2022-03-01 04:27:00,1.6,1.6
2022-03-01 10:44:00,0.3,0.3
2022-03-01 17:16:00,,1.1
2022-03-01 23:10:00,,1.1
2022-03-02 05:12:00,,1.1
2022-03-02 11:24:00,0.2,0.2
2022-03-02 17:54:00,1.7,1.7
2022-03-02 23:50:00,,1.1
2022-03-03 05:53:00,1.6,1.6
2022-03-03 12:00:00,,1.1
2022-03-03 18:30:00,,1.1
2022-03-04 00:27:00,,1.1
2022-03-04 06:31:00,,1.1
2022-03-04 12:35:00,0.2,0.2
2022-03-04 19:03:00,1.7,1.7
2022-03-05 01:02:00,,1.1
2022-03-05 07:07:00,1.6,1.6
2022-03-05 13:07:00,0.3,0.3
2022-03-05 19:35:00,1.7,1.7
2022-03-06 01:37:00,,1.1
2022-03-06 07:42:00,1.5,1.5
2022-03-06 13:39:00,,1.1
2022-03-06 20:06:00,1.6,1.6
2022-03-07 02:12:00,,1.1
2022-03-07 08:17:00,1.4,1.4
2022-03-07 14:12:00,0.5,0.5
2022-03-07 20:36:00,1.5,1.5
2022-03-08 02:48:00,,1.1
2022-03-08 08:55:00,1.3,1.3
2022-03-08 14:45:00,0.6,0.6
2022-03-08 21:08:00,1.4,1.4
2022-03-09 03:30:00,0.6,0.6
2022-03-09 09:39:00,,1.1
2022-03-09 15:23:00,,1.1
2022-03-09 21:45:00,,1.1
2022-03-10 04:22:00,0.7,0.7
2022-03-10 10:42:00,,1.1
2022-03-10 16:13:00,0.8,0.8
2022-03-10 22:36:00,1.3,1.3
2022-03-11 05:37:00,0.7,0.7
2022-03-11 12:20:00,1.1,1.1
2022-03-11 17:40:00,,1.1
2022-03-11 23:55:00,1.2,1.2
2022-03-12 07:12:00,0.7,0.7
2022-03-12 14:08:00,1.1,1.1
2022-03-12 19:36:00,,1.1
2022-03-13 01:31:00,1.2,1.2
2022-03-13 08:25:00,0.6,0.6
2022-03-13 15:12:00,,1.1
2022-03-13 20:51:00,0.8,0.8
2022-03-14 02:42:00,1.3,1.3
2022-03-14 09:15:00,,1.1
2022-03-14 15:52:00,1.3,1.3
2022-03-14 21:39:00,0.7,0.7
2022-03-15 03:33:00,1.4,1.4
2022-03-15 09:55:00,0.5,0.5
2022-03-15 16:24:00,1.4,1.4
2022-03-15 22:17:00,0.6,0.6
2022-03-16 04:14:00,1.4,1.4
2022-03-16 10:29:00,0.4,0.4
2022-03-16 16:54:00,,1.1
2022-03-16 22:52:00,0.5,0.5
2022-03-17 04:52:00,1.5,1.5
2022-03-17 11:02:00,0.3,0.3
2022-03-17 17:25:00,,1.1
2022-03-17 23:26:00,,1.1
2022-03-18 05:28:00,,1.1
2022-03-18 11:35:00,0.3,0.3
2022-03-18 17:56:00,1.7,1.7
2022-03-19 00:01:00,0.4,0.4
2022-03-19 06:05:00,,1.1
2022-03-19 12:08:00,0.3,0.3
2022-03-19 18:29:00,1.7,1.7
2022-03-20 00:37:00,,1.1
2022-03-20 06:43:00,1.6,1.6
2022-03-20 12:43:00,,1.1
2022-03-20 19:03:00,,1.1
2022-03-21 01:14:00,0.3,0.3
2022-03-21 07:23:00,1.5,1.5
2022-03-21 13:19:00,0.3,0.3
2022-03-21 19:40:00,1.7,1.7
2022-03-22 01:54:00,,1.1
2022-03-22 08:06:00,1.5,1.5
2022-03-22 13:59:00,0.4,0.4
2022-03-22 20:21:00,1.6,1.6
2022-03-23 02:39:00,,1.1
2022-03-23 08:56:00,1.4,1.4
2022-03-23 14:44:00,0.5,0.5
2022-03-23 21:07:00,,1.1
2022-03-24 03:32:00,0.5,0.5
2022-03-24 09:59:00,1.3,1.3
2022-03-24 15:41:00,0.7,0.7
2022-03-24 22:06:00,1.4,1.4
2022-03-25 04:41:00,0.5,0.5
2022-03-25 11:26:00,1.2,1.2
2022-03-25 17:04:00,,1.1
2022-03-25 23:28:00,,1.1
2022-03-26 06:13:00,,1.1
2022-03-26 13:05:00,1.2,1.2
2022-03-26 19:00:00,,1.1
2022-03-27 01:05:00,,1.1
2022-03-27 07:44:00,0.5,0.5
2022-03-27 14:29:00,1.3,1.3
2022-03-27 20:32:00,0.7,0.7
2022-03-28 02:27:00,1.3,1.3
2022-03-28 08:51:00,0.5,0.5
2022-03-28 15:27:00,,1.1
2022-03-28 21:32:00,0.6,0.6
2022-03-29 03:29:00,1.4,1.4
2022-03-29 09:41:00,0.4,0.4
2022-03-29 16:13:00,,1.1
2022-03-29 22:17:00,,1.1
2022-03-30 04:17:00,,1.1
2022-03-30 10:22:00,,1.1
2022-03-30 16:51:00,1.6,1.6
2022-03-30 22:55:00,0.4,0.4
2022-03-31 04:58:00,,1.1
2022-03-31 10:59:00,,1.1
2022-03-31 17:25:00,1.7,1.7
2022-03-31 23:29:00,,1.1
2022-04-01 05:35:00,1.5,1.5
2022-04-01 11:34:00,,1.1
2022-04-01 17:57:00,1.7,1.7
2022-04-02 00:01:00,0.3,0.3
2022-04-02 06:10:00,1.5,1.5
2022-04-02 12:04:00,0.3,0.3
2022-04-02 18:26:00,,1.1
2022-04-03 00:33:00,0.3,0.3
2022-04-03 06:43:00,1.5,1.5
2022-04-03 12:35:00,0.4,0.4
2022-04-03 18:54:00,1.6,1.6
2022-04-04 01:04:00,0.3,0.3
2022-04-04 07:16:00,,1.1
2022-04-04 13:06:00,0.4,0.4
2022-04-04 19:21:00,1.5,1.5
2022-04-05 01:36:00,0.4,0.4
2022-04-05 07:50:00,,1.1
2022-04-05 13:38:00,,1.1
2022-04-05 19:49:00,1.5,1.5
2022-04-06 02:10:00,,1.1
2022-04-06 08:27:00,,1.1
2022-04-06 14:11:00,0.6,0.6
2022-04-06 20:18:00,1.4,1.4
2022-04-07 02:48:00,0.5,0.5
2022-04-07 09:11:00,,1.1
2022-04-07 14:48:00,,1.1
2022-04-07 20:52:00,0.3,0.3
2022-04-08 03:34:00,,1.1
2022-04-08 10:08:00,,1.1
2022-04-08 15:39:00,0.8,0.8
2022-04-08 21:40:00,1.2,1.2
2022-04-09 04:37:00,0.6,0.6
2022-04-09 11:34:00,1.1,1.1
2022-04-09 17:06:00,0.9,0.9
2022-04-09 22:58:00,,1.1
2022-04-10 06:05:00,0.6,0.6
2022-04-10 13:11:00,,1.1
2022-04-10 19:05:00,,1.1
2022-04-11 00:43:00,1.1,1.1
2022-04-11 07:28:00,0.6,0.6
2022-04-11 14:17:00,1.2,1.2
2022-04-11 20:21:00,0.8,0.8
2022-04-12 02:04:00,1.2,1.2
2022-04-12 08:27:00,0.5,0.5
2022-04-12 15:02:00,,1.1
2022-04-12 21:09:00,0.6,0.6
2022-04-13 03:00:00,1.3,1.3
2022-04-13 09:12:00,,1.1
2022-04-13 15:35:00,1.4,1.4
2022-04-13 21:48:00,0.5,0.5
2022-04-14 03:46:00,,1.1
2022-04-14 09:50:00,0.4,0.4
2022-04-14 16:13:00,,1.1
2022-04-14 22:25:00,0.4,0.4
2022-04-15 04:27:00,,1.1
2022-04-15 10:27:00,0.3,0.3
2022-04-15 16:47:00,,1.1
2022-04-15 23:00:00,0.3,0.3
2022-04-16 05:06:00,,1.1
2022-04-16 11:04:00,,1.1
2022-04-16 17:22:00,,1.1
2022-04-16 23:37:00,0.2,0.2
2022-04-17 05:47:00,1.5,1.5
2022-04-17 11:41:00,,1.1
2022-04-17 17:58:00,1.7,1.7
2022-04-18 00:15:00,0.2,0.2
2022-04-18 06:28:00,,1.1
2022-04-18 12:20:00,0.3,0.3
2022-04-18 18:36:00,,1.1
2022-04-19 00:54:00,,1.1
2022-04-19 07:12:00,,1.1
2022-04-19 13:01:00,0.4,0.4
2022-04-19 19:16:00,,1.1
2022-04-20 01:37:00,,1.1
2022-04-20 08:00:00,,1.1
2022-04-20 13:46:00,0.5,0.5
2022-04-20 20:00:00,,1.1
2022-04-21 02:24:00,0.3,0.3
2022-04-21 08:56:00,,1.1
2022-04-21 14:38:00,,1.1
2022-04-21 20:51:00,1.4,1.4
2022-04-22 03:19:00,0.4,0.4
2022-04-22 10:03:00,1.3,1.3
2022-04-22 15:44:00,0.7,0.7
2022-04-22 21:55:00,1.3,1.3
2022-04-23 04:28:00,0.5,0.5
2022-04-23 11:26:00,1.3,1.3
2022-04-23 17:20:00,0.8,0.8
2022-04-23 23:21:00,,1.1
2022-04-24 05:54:00,,1.1
2022-04-24 12:54:00,,1.1
2022-04-24 19:08:00,0.7,0.7
2022-04-25 00:55:00,1.2,1.2
2022-04-25 07:17:00,,1.1
2022-04-25 14:06:00,1.4,1.4
2022-04-25 20:25:00,0.6,0.6
2022-04-26 02:13:00,,1.1
2022-04-26 08:22:00,,1.1
2022-04-26 15:00:00,,1.1
2022-04-26 21:17:00,0.5,0.5
2022-04-27 03:12:00,1.3,1.3
2022-04-27 09:11:00,,1.1
2022-04-27 15:43:00,1.5,1.5
2022-04-27 21:58:00,0.4,0.4
2022-04-28 03:59:00,,1.1
2022-04-28 09:52:00,,1.1
2022-04-28 16:19:00,1.6,1.6
2022-04-28 22:32:00,,1.1
2022-04-29 04:39:00,1.4,1.4
2022-04-29 10:28:00,,1.1
2022-04-29 16:51:00,1.6,1.6
2022-04-29 23:04:00,,1.1
2022-04-30 05:15:00,1.4,1.4
2022-04-30 11:01:00,,1.1
2022-04-30 17:21:00,,1.1
2022-04-30 23:34:00,0.3,0.3
