Date_Time,Water_Level
1/1/2020 3:11,0.8
1/1/2020 8:53,
1/1/2020 15:15,
1/1/2020 22:07,
1/2/2020 4:07,
1/2/2020 9:44,1.3
1/2/2020 16:01,
1/2/2020 22:56,
1/3/2020 5:13,0.8
1/3/2020 10:49,
1/3/2020 16:55,
1/3/2020 23:49,1.4
1/4/2020 6:25,
1/4/2020 12:06,1.2
1/4/2020 17:59,
1/5/2020 0:43,
1/5/2020 7:30,
1/5/2020 13:23,1.2
1/5/2020 19:05,
1/6/2020 1:36,
1/6/2020 8:25,0.6
1/6/2020 14:30,1.2
1/6/2020 20:06,
1/7/2020 2:26,1.5
1/7/2020 9:11,
1/7/2020 15:25,
1/7/2020 21:00,0.7
1/8/2020 3:13,
1/8/2020 9:53,
1/8/2020 16:12,
1/8/2020 21:50,
1/9/2020 3:58,
1/9/2020 10:33,0.3
1/9/2020 16:56,
1/9/2020 22:37,
1/10/2020 4:42,
1/10/2020 11:13,0.3
1/10/2020 17:39,
1/10/2020 23:22,0.6
1/11/2020 5:26,
1/11/2020 11:53,
1/11/2020 18:22,
1/12/2020 0:08,0.6
1/12/2020 6:11,1.7
1/12/2020 12:34,0.2
1/12/2020 19:06,
1/13/2020 0:54,
1/13/2020 6:56,
1/13/2020 13:16,0.2
1/13/2020 19:52,
1/14/2020 1:43,0.6
1/14/2020 7:44,
1/14/2020 14:00,
1/14/2020 20:39,
1/15/2020 2:35,
1/15/2020 8:35,1.5
1/15/2020 14:46,0.3
1/15/2020 21:30,1.6
1/16/2020 3:33,0.6
1/16/2020 9:31,1.4
1/16/2020 15:37,
1/16/2020 22:26,1.6
1/17/2020 4:39,0.7
1/17/2020 10:36,
1/17/2020 16:35,
1/17/2020 23:26,
1/18/2020 5:53,
1/18/2020 11:53,
1/18/2020 17:42,
1/19/2020 0:31,
1/19/2020 7:11,
1/19/2020 13:17,
1/19/2020 18:58,
1/20/2020 1:36,
1/20/2020 8:19,0.6
1/20/2020 14:35,
1/20/2020 20:11,
1/21/2020 2:36,
1/21/2020 9:15,
1/21/2020 15:39,
1/21/2020 21:13,0.7
1/22/2020 3:29,
1/22/2020 10:02,
1/22/2020 16:31,
1/22/2020 22:05,
1/23/2020 4:15,
1/23/2020 10:42,
1/23/2020 17:14,1.5
1/23/2020 22:50,0.7
1/24/2020 4:56,1.6
1/24/2020 11:18,0.3
1/24/2020 17:53,
1/24/2020 23:30,
1/25/2020 5:33,
1/25/2020 11:52,
1/25/2020 18:28,
1/26/2020 0:07,0.6
1/26/2020 6:07,
1/26/2020 12:25,
1/26/2020 19:01,1.6
1/27/2020 0:43,0.6
1/27/2020 6:40,
1/27/2020 12:58,0.3
1/27/2020 19:33,
1/28/2020 1:19,
1/28/2020 7:13,
1/28/2020 13:30,
1/28/2020 20:05,
1/29/2020 1:55,0.7
1/29/2020 7:47,
1/29/2020 14:03,
1/29/2020 20:37,
1/30/2020 2:34,0.7
1/30/2020 8:23,
1/30/2020 14:36,
1/30/2020 21:12,1.5
1/31/2020 3:16,
1/31/2020 9:04,
1/31/2020 15:12,
1/31/2020 21:49,
2/1/2020 4:05,0.7
2/1/2020 9:53,1.2
2/1/2020 15:53,
2/1/2020 22:34,
2/2/2020 5:06,0.7
2/2/2020 10:56,
2/2/2020 16:46,
2/2/2020 23:30,
2/3/2020 6:19,0.7
2/3/2020 12:19,1.2
2/3/2020 17:59,
2/4/2020 0:35,
2/4/2020 7:33,0.7
2/4/2020 13:46,1.2
2/4/2020 19:22,
2/5/2020 1:43,
2/5/2020 8:36,0.6
2/5/2020 14:57,
2/5/2020 20:34,
2/6/2020 2:46,
2/6/2020 9:27,
2/6/2020 15:52,1.4
2/6/2020 21:34,
2/7/2020 3:40,
2/7/2020 10:13,
2/7/2020 16:39,
2/7/2020 22:26,
2/8/2020 4:30,
2/8/2020 10:56,0.3
2/8/2020 17:23,
2/8/2020 23:13,
2/9/2020 5:17,
2/9/2020 11:38,0.2
2/9/2020 18:06,
2/9/2020 23:59,
2/10/2020 6:03,1.7
2/10/2020 12:19,0.2
2/10/2020 18:48,
2/11/2020 0:44,
2/11/2020 6:48,
2/11/2020 13:00,
2/11/2020 19:32,
2/12/2020 1:30,0.4
2/12/2020 7:34,
2/12/2020 13:42,
2/12/2020 20:15,
2/13/2020 2:17,
2/13/2020 8:22,1.6
2/13/2020 14:25,
2/13/2020 21:01,
2/14/2020 3:08,
2/14/2020 9:13,
2/14/2020 15:12,
2/14/2020 21:50,1.6
2/15/2020 4:04,
2/15/2020 10:12,
2/15/2020 16:04,0.6
2/15/2020 22:46,
2/16/2020 5:12,0.6
2/16/2020 11:26,
2/16/2020 17:09,0.7
2/16/2020 23:52,1.4
2/17/2020 6:34,
2/17/2020 12:57,
2/17/2020 18:33,
2/18/2020 1:07,
2/18/2020 7:56,
2/18/2020 14:27,
2/18/2020 20:03,
2/19/2020 2:20,
2/19/2020 9:00,
2/19/2020 15:34,1.3
2/19/2020 21:13,0.8
2/20/2020 3:19,1.4
2/20/2020 9:48,0.5
2/20/2020 16:23,1.4
2/20/2020 22:04,0.7
2/21/2020 4:07,1.4
2/21/2020 10:27,
2/21/2020 17:02,
2/21/2020 22:44,
2/22/2020 4:46,
2/22/2020 11:01,
2/22/2020 17:35,
2/22/2020 23:19,
2/23/2020 5:20,1.5
2/23/2020 11:33,
2/23/2020 18:05,1.6
2/23/2020 23:52,0.6
2/24/2020 5:52,
2/24/2020 12:03,
2/24/2020 18:33,
2/25/2020 0:23,0.5
2/25/2020 6:23,1.5
2/25/2020 12:33,0.3
2/25/2020 19:00,
2/26/2020 0:54,0.5
2/26/2020 6:54,
2/26/2020 13:02,
2/26/2020 19:27,
2/27/2020 1:26,
2/27/2020 7:25,1.5
2/27/2020 13:31,0.4
2/27/2020 19:54,
2/28/2020 1:59,
2/28/2020 7:57,
2/28/2020 14:01,
2/28/2020 20:23,
2/29/2020 2:34,
2/29/2020 8:33,
2/29/2020 14:32,
2/29/2020 20:56,
3/1/2020 3:14,
3/1/2020 9:16,1.3
3/1/2020 15:09,0.6
3/1/2020 21:37,
3/2/2020 4:05,
3/2/2020 10:12,
3/2/2020 15:57,0.7
3/2/2020 22:30,1.4
3/3/2020 5:13,
3/3/2020 11:30,
3/3/2020 17:10,
3/3/2020 23:42,1.3
3/4/2020 6:39,0.6
3/4/2020 13:07,
3/4/2020 18:50,
3/5/2020 1:07,
3/5/2020 7:58,0.6
3/5/2020 14:28,
3/5/2020 20:18,
3/6/2020 2:23,1.4
3/6/2020 8:59,0.5
3/6/2020 15:28,
3/6/2020 21:22,
3/7/2020 3:25,
3/7/2020 9:50,
3/7/2020 16:17,
3/7/2020 22:14,
3/8/2020 4:18,1.6
3/8/2020 10:35,0.2
3/8/2020 17:01,
3/8/2020 23:00,
3/9/2020 5:05,
3/9/2020 11:17,
3/9/2020 17:43,1.8
3/9/2020 23:45,0.3
3/10/2020 5:51,
3/10/2020 11:59,
3/10/2020 18:25,1.8
3/11/2020 0:27,
3/11/2020 6:35,
3/11/2020 12:40,
3/11/2020 19:06,
3/12/2020 1:10,
3/12/2020 7:20,
3/12/2020 13:21,0.2
3/12/2020 19:47,1.7
3/13/2020 1:54,
3/13/2020 8:06,
3/13/2020 14:03,0.3
3/13/2020 20:30,
3/14/2020 2:40,
3/14/2020 8:56,1.5
3/14/2020 14:47,0.5
3/14/2020 21:15,
3/15/2020 3:31,
3/15/2020 9:52,
3/15/2020 15:37,
3/15/2020 22:07,1.4
3/16/2020 4:33,0.6
3/16/2020 11:04,
3/16/2020 16:42,
3/16/2020 23:13,
3/17/2020 5:52,0.6
3/17/2020 12:39,
3/17/2020 18:19,
3/18/2020 0:38,
3/18/2020 7:23,
3/18/2020 14:12,
3/18/2020 20:02,0.8
3/19/2020 2:02,1.2
3/19/2020 8:34,
3/19/2020 15:17,1.3
3/19/2020 21:10,
3/20/2020 3:06,
3/20/2020 9:24,
3/20/2020 16:01,
3/20/2020 21:55,0.7
3/21/2020 3:52,1.3
3/21/2020 10:03,0.5
3/21/2020 16:36,
3/21/2020 22:30,
3/22/2020 4:30,
3/22/2020 10:36,
3/22/2020 17:05,
3/22/2020 23:00,0.5
3/23/2020 5:03,1.4
3/23/2020 11:06,0.4
3/23/2020 17:32,
3/23/2020 23:30,0.5
3/24/2020 5:33,
3/24/2020 11:35,
3/24/2020 17:58,
3/24/2020 23:59,0.4
3/25/2020 6:03,1.5
3/25/2020 12:04,0.4
3/25/2020 18:23,1.6
3/26/2020 0:28,
3/26/2020 6:33,
3/26/2020 12:32,0.4
3/26/2020 18:48,1.6
3/27/2020 0:58,
3/27/2020 7:03,1.5
3/27/2020 13:00,
3/27/2020 19:14,
3/28/2020 1:28,0.4
3/28/2020 7:36,
3/28/2020 13:30,
3/28/2020 19:43,1.5
3/29/2020 2:02,
3/29/2020 8:11,
3/29/2020 14:02,
3/29/2020 20:16,1.5
3/30/2020 2:39,
3/30/2020 8:54,
3/30/2020 14:40,
3/30/2020 20:56,
3/31/2020 3:26,
3/31/2020 9:49,1.2
3/31/2020 15:32,0.7
3/31/2020 21:50,1.3
4/1/2020 4:29,
4/1/2020 11:06,1.2
4/1/2020 16:49,
4/1/2020 23:06,
4/2/2020 5:53,0.6
4/2/2020 12:39,
4/2/2020 18:36,
4/3/2020 0:40,1.3
4/3/2020 7:19,
4/3/2020 13:59,
4/3/2020 20:04,
4/4/2020 2:03,
4/4/2020 8:27,
4/4/2020 15:00,
4/4/2020 21:07,
4/5/2020 3:07,
4/5/2020 9:22,0.3
4/5/2020 15:49,1.6
4/5/2020 21:58,
4/6/2020 4:01,
4/6/2020 10:09,
4/6/2020 16:34,1.7
4/6/2020 22:43,0.3
4/7/2020 4:50,
4/7/2020 10:53,
4/7/2020 17:16,1.8
4/7/2020 23:25,0.2
4/8/2020 5:35,
4/8/2020 11:35,
4/8/2020 17:57,
4/9/2020 0:07,0.2
4/9/2020 6:20,
4/9/2020 12:16,0.2
4/9/2020 18:37,1.8
4/10/2020 0:49,
4/10/2020 7:05,1.6
4/10/2020 12:58,0.3
4/10/2020 19:18,1.7
4/11/2020 1:31,
4/11/2020 7:51,
4/11/2020 13:40,
4/11/2020 19:59,1.6
4/12/2020 2:15,
4/12/2020 8:40,
4/12/2020 14:25,
4/12/2020 20:42,
4/13/2020 3:02,0.4
4/13/2020 9:37,
4/13/2020 15:16,
4/13/2020 21:31,
4/14/2020 3:57,
4/14/2020 10:46,
4/14/2020 16:24,0.8
4/14/2020 22:34,1.2
4/15/2020 5:09,
4/15/2020 12:14,
4/15/2020 18:06,
4/16/2020 0:01,
4/16/2020 6:36,0.6
4/16/2020 13:39,
4/16/2020 19:48,
4/17/2020 1:31,1.1
4/17/2020 7:51,0.6
4/17/2020 14:41,
4/17/2020 20:50,0.7
4/18/2020 2:38,
4/18/2020 8:44,
4/18/2020 15:24,1.4
4/18/2020 21:31,0.6
4/19/2020 3:27,
4/19/2020 9:25,0.5
4/19/2020 15:58,
4/19/2020 22:04,
4/20/2020 4:05,1.3
4/20/2020 10:01,
4/20/2020 16:26,
4/20/2020 22:34,
4/21/2020 4:39,
4/21/2020 10:32,
4/21/2020 16:53,
4/21/2020 23:03,
4/22/2020 5:11,
4/22/2020 11:03,0.4
4/22/2020 17:19,
4/22/2020 23:32,
4/23/2020 5:41,1.4
4/23/2020 11:33,0.4
4/23/2020 17:45,
4/24/2020 0:01,
4/24/2020 6:13,1.4
4/24/2020 12:02,
4/24/2020 18:12,
4/25/2020 0:32,0.3
4/25/2020 6:45,
4/25/2020 12:33,0.5
4/25/2020 18:41,
4/26/2020 1:03,
4/26/2020 7:19,1.4
4/26/2020 13:05,
4/26/2020 19:12,1.5
4/27/2020 1:37,
4/27/2020 7:58,1.4
4/27/2020 13:42,0.6
4/27/2020 19:48,1.4
4/28/2020 2:16,
4/28/2020 8:44,1.3
4/28/2020 14:26,0.6
4/28/2020 20:32,
4/29/2020 3:04,
4/29/2020 9:42,
4/29/2020 15:25,
4/29/2020 21:29,1.3
4/30/2020 4:04,
4/30/2020 10:55,
4/30/2020 16:47,0.7
4/30/2020 22:47,
5/1/2020 5:20,
5/1/2020 12:15,
5/1/2020 18:25,0.7
5/2/2020 0:18,
5/2/2020 6:42,
5/2/2020 13:28,
5/2/2020 19:46,0.6
5/3/2020 1:40,1.3
5/3/2020 7:52,0.4
5/3/2020 14:28,
5/3/2020 20:47,0.5
5/4/2020 2:46,1.3
5/4/2020 8:50,
5/4/2020 15:18,
5/4/2020 21:37,0.3
5/5/2020 3:43,
5/5/2020 9:40,
5/5/2020 16:04,
5/5/2020 22:22,0.2
5/6/2020 4:33,
5/6/2020 10:27,
5/6/2020 16:48,
5/6/2020 23:05,
5/7/2020 5:20,
5/7/2020 11:11,
5/7/2020 17:29,
5/7/2020 23:47,
5/8/2020 6:06,
5/8/2020 11:54,0.3
5/8/2020 18:10,
5/9/2020 0:28,0.1
5/9/2020 6:52,
5/9/2020 12:37,
5/9/2020 18:50,
5/10/2020 1:09,
5/10/2020 7:38,
5/10/2020 13:20,
5/10/2020 19:31,
5/11/2020 1:51,0.2
5/11/2020 8:28,
5/11/2020 14:07,
5/11/2020 20:13,
5/12/2020 2:36,0.3
5/12/2020 9:22,
5/12/2020 15:00,0.7
5/12/2020 21:00,
5/13/2020 3:27,0.4
5/13/2020 10:25,1.3
5/13/2020 16:06,0.8
5/13/2020 21:58,
5/14/2020 4:26,
5/14/2020 11:36,1.2
5/14/2020 17:35,
5/14/2020 23:14,
5/15/2020 5:37,
5/15/2020 12:48,
5/15/2020 19:05,
5/16/2020 0:39,
5/16/2020 6:49,
5/16/2020 13:46,
5/16/2020 20:08,
5/17/2020 1:52,1.1
5/17/2020 7:49,
5/17/2020 14:32,
5/17/2020 20:53,
5/18/2020 2:47,
5/18/2020 8:37,0.5
5/18/2020 15:09,
5/18/2020 21:29,
5/19/2020 3:32,
5/19/2020 9:17,0.5
5/19/2020 15:41,1.4
5/19/2020 22:02,
5/20/2020 4:10,
5/20/2020 9:54,
5/20/2020 16:11,
5/20/2020 22:34,
5/21/2020 4:45,1.3
5/21/2020 10:29,
5/21/2020 16:40,
5/21/2020 23:05,
5/22/2020 5:20,1.3
5/22/2020 11:02,
5/22/2020 17:11,
5/22/2020 23:37,0.2
5/23/2020 5:54,1.4
5/23/2020 11:36,
5/23/2020 17:42,
5/24/2020 0:10,
5/24/2020 6:30,
5/24/2020 12:12,0.5
5/24/2020 18:16,1.5
5/25/2020 0:44,
5/25/2020 7:09,
5/25/2020 12:50,
5/25/2020 18:52,
5/26/2020 1:21,0.2
5/26/2020 7:52,1.4
5/26/2020 13:33,
5/26/2020 19:34,1.4
5/27/2020 2:03,0.3
5/27/2020 8:40,
5/27/2020 14:23,0.6
5/27/2020 20:22,
5/28/2020 2:50,0.3
5/28/2020 9:37,
5/28/2020 15:25,
5/28/2020 21:21,1.3
5/29/2020 3:47,
5/29/2020 10:41,1.3
5/29/2020 16:42,
5/29/2020 22:34,1.2
5/30/2020 4:54,0.4
5/30/2020 11:50,
5/30/2020 18:07,0.6
5/30/2020 23:56,
5/31/2020 6:06,
5/31/2020 12:55,
5/31/2020 19:22,
6/1/2020 1:15,
6/1/2020 7:16,0.4
6/1/2020 13:55,
6/1/2020 20:24,
6/2/2020 2:25,
6/2/2020 8:18,0.4
6/2/2020 14:48,
6/2/2020 21:16,
6/3/2020 3:24,
6/3/2020 9:13,0.4
6/3/2020 15:36,1.6
6/3/2020 22:03,0.2
6/4/2020 4:18,1.4
6/4/2020 10:03,
6/4/2020 16:22,
6/4/2020 22:47,
6/5/2020 5:07,1.4
6/5/2020 10:50,
6/5/2020 17:05,1.6
6/5/2020 23:29,
6/6/2020 5:54,
6/6/2020 11:35,
6/6/2020 17:47,1.6
6/7/2020 0:10,0.1
6/7/2020 6:41,
6/7/2020 12:19,0.5
6/7/2020 18:28,
6/8/2020 0:50,
6/8/2020 7:26,
6/8/2020 13:04,
6/8/2020 19:08,1.4
6/9/2020 1:31,
6/9/2020 8:13,
6/9/2020 13:50,
6/9/2020 19:49,1.3
6/10/2020 2:12,0.3
6/10/2020 9:02,1.4
6/10/2020 14:41,
6/10/2020 20:33,
6/11/2020 2:57,
6/11/2020 9:53,
6/11/2020 15:38,
6/11/2020 21:23,
6/12/2020 3:45,0.4
6/12/2020 10:48,
6/12/2020 16:46,
6/12/2020 22:22,
6/13/2020 4:40,
6/13/2020 11:45,1.3
6/13/2020 18:01,
6/13/2020 23:34,
6/14/2020 5:41,0.5
6/14/2020 12:39,1.3
6/14/2020 19:08,
6/15/2020 0:49,
6/15/2020 6:43,
6/15/2020 13:29,
6/15/2020 20:03,0.6
6/16/2020 1:56,
6/16/2020 7:40,
6/16/2020 14:12,
6/16/2020 20:48,0.5
6/17/2020 2:52,
6/17/2020 8:30,
6/17/2020 14:52,
6/17/2020 21:28,
6/18/2020 3:39,
6/18/2020 9:15,
6/18/2020 15:29,
6/18/2020 22:04,
6/19/2020 4:20,1.2
6/19/2020 9:56,
6/19/2020 16:06,1.5
6/19/2020 22:40,0.3
6/20/2020 5:00,
6/20/2020 10:37,
6/20/2020 16:43,
6/20/2020 23:16,0.2
6/21/2020 5:39,
6/21/2020 11:17,
6/21/2020 17:21,
6/21/2020 23:52,
6/22/2020 6:18,
6/22/2020 11:58,
6/22/2020 18:00,1.5
6/23/2020 0:30,0.2
6/23/2020 7:00,
6/23/2020 12:42,0.5
6/23/2020 18:42,
6/24/2020 1:09,
6/24/2020 7:44,
6/24/2020 13:29,
6/24/2020 19:27,1.4
6/25/2020 1:52,
6/25/2020 8:32,
6/25/2020 14:20,
6/25/2020 20:17,
6/26/2020 2:38,
6/26/2020 9:23,
6/26/2020 15:19,0.6
6/26/2020 21:14,
6/27/2020 3:29,
6/27/2020 10:20,1.4
6/27/2020 16:26,
6/27/2020 22:19,
6/28/2020 4:28,0.4
6/28/2020 11:20,1.4
6/28/2020 17:40,
6/28/2020 23:33,
6/29/2020 5:33,
6/29/2020 12:22,1.5
6/29/2020 18:54,
6/30/2020 0:51,1.2
6/30/2020 6:43,0.5
6/30/2020 13:23,
6/30/2020 20:00,0.4
7/1/2020 2:05,
7/1/2020 7:50,
7/1/2020 14:21,
7/1/2020 20:56,
7/2/2020 3:11,
7/2/2020 8:51,
7/2/2020 15:14,
7/2/2020 21:47,
7/3/2020 4:08,
7/3/2020 9:46,0.5
7/3/2020 16:03,
7/3/2020 22:32,0.2
7/4/2020 4:59,
7/4/2020 10:36,
7/4/2020 16:48,
7/4/2020 23:14,
7/5/2020 5:45,1.4
7/5/2020 11:23,
7/5/2020 17:30,
7/5/2020 23:53,
7/6/2020 6:29,
7/6/2020 12:06,
7/6/2020 18:10,
7/7/2020 0:32,
7/7/2020 7:11,
7/7/2020 12:49,0.5
7/7/2020 18:49,1.4
7/8/2020 1:09,0.2
7/8/2020 7:51,
7/8/2020 13:31,
7/8/2020 19:27,
7/9/2020 1:47,0.2
7/9/2020 8:31,
7/9/2020 14:15,
7/9/2020 20:06,
7/10/2020 2:25,0.3
7/10/2020 9:12,1.4
7/10/2020 15:01,0.6
7/10/2020 20:48,
7/11/2020 3:05,
7/11/2020 9:54,1.3
7/11/2020 15:52,
7/11/2020 21:35,
7/12/2020 3:48,
7/12/2020 10:38,
7/12/2020 16:51,
7/12/2020 22:32,
7/13/2020 4:36,
7/13/2020 11:27,1.3
7/13/2020 17:57,0.6
7/13/2020 23:40,
7/14/2020 5:34,
7/14/2020 12:18,
7/14/2020 19:03,
7/15/2020 0:56,
7/15/2020 6:38,
7/15/2020 13:12,
7/15/2020 20:02,
7/16/2020 2:08,
7/16/2020 7:42,
7/16/2020 14:03,
7/16/2020 20:51,0.4
7/17/2020 3:07,
7/17/2020 8:40,
7/17/2020 14:53,
7/17/2020 21:36,
7/18/2020 3:56,
7/18/2020 9:31,
7/18/2020 15:39,
7/18/2020 22:16,0.3
7/19/2020 4:41,
7/19/2020 10:19,0.5
7/19/2020 16:23,1.5
7/19/2020 22:56,
7/20/2020 5:22,
7/20/2020 11:04,
7/20/2020 17:07,1.5
7/20/2020 23:35,0.1
7/21/2020 6:03,
7/21/2020 11:48,
7/21/2020 17:50,
7/22/2020 0:14,
7/22/2020 6:45,1.5
7/22/2020 12:33,0.4
7/22/2020 18:34,
7/23/2020 0:54,
7/23/2020 7:28,
7/23/2020 13:20,
7/23/2020 19:20,
7/24/2020 1:36,
7/24/2020 8:13,
7/24/2020 14:08,0.4
7/24/2020 20:09,
7/25/2020 2:20,0.2
7/25/2020 9:00,
7/25/2020 15:02,
7/25/2020 21:01,1.3
7/26/2020 3:08,
7/26/2020 9:51,1.5
7/26/2020 16:01,
7/26/2020 22:01,
7/27/2020 4:01,0.4
7/27/2020 10:48,
7/27/2020 17:08,0.5
7/27/2020 23:11,
7/28/2020 5:03,
7/28/2020 11:49,1.4
7/28/2020 18:23,0.5
7/29/2020 0:31,
7/29/2020 6:15,0.6
7/29/2020 12:55,
7/29/2020 19:37,
7/30/2020 1:53,
7/30/2020 7:32,
7/30/2020 14:00,
7/30/2020 20:41,
7/31/2020 3:05,
7/31/2020 8:42,
7/31/2020 15:00,
7/31/2020 21:35,
8/1/2020 4:03,
8/1/2020 9:41,0.6
8/1/2020 15:52,
8/1/2020 22:20,0.3
8/2/2020 4:52,1.4
8/2/2020 10:31,
8/2/2020 16:37,
8/2/2020 23:00,
8/3/2020 5:34,
8/3/2020 11:14,
8/3/2020 17:18,
8/3/2020 23:36,0.2
8/4/2020 6:12,
8/4/2020 11:53,
8/4/2020 17:55,
8/5/2020 0:11,0.2
8/5/2020 6:47,
8/5/2020 12:31,
8/5/2020 18:30,
8/6/2020 0:45,
8/6/2020 7:20,1.5
8/6/2020 13:07,
8/6/2020 19:04,
8/7/2020 1:18,
8/7/2020 7:53,
8/7/2020 13:43,0.5
8/7/2020 19:39,
8/8/2020 1:51,
8/8/2020 8:25,
8/8/2020 14:21,
8/8/2020 20:14,
8/9/2020 2:24,0.4
8/9/2020 8:58,1.4
8/9/2020 15:02,
8/9/2020 20:54,
8/10/2020 3:00,0.5
8/10/2020 9:35,
8/10/2020 15:49,
8/10/2020 21:41,1.2
8/11/2020 3:40,
8/11/2020 10:16,
8/11/2020 16:45,0.6
8/11/2020 22:40,
8/12/2020 4:29,
8/12/2020 11:08,
8/12/2020 17:54,0.6
8/12/2020 23:57,1.1
8/13/2020 5:37,
8/13/2020 12:11,1.3
8/13/2020 19:09,
8/14/2020 1:23,
8/14/2020 6:59,
8/14/2020 13:19,
8/14/2020 20:14,
8/15/2020 2:37,
8/15/2020 8:14,0.7
8/15/2020 14:23,1.3
8/15/2020 21:07,0.4
8/16/2020 3:32,
8/16/2020 9:14,
8/16/2020 15:19,1.4
8/16/2020 21:53,
8/17/2020 4:19,
8/17/2020 10:05,
8/17/2020 16:08,1.5
8/17/2020 22:35,0.2
8/18/2020 5:01,
8/18/2020 10:52,
8/18/2020 16:54,
8/18/2020 23:15,
8/19/2020 5:42,
8/19/2020 11:36,0.4
8/19/2020 17:39,1.6
8/19/2020 23:55,
8/20/2020 6:23,
8/20/2020 12:19,
8/20/2020 18:24,
8/21/2020 0:35,
8/21/2020 7:04,1.7
8/21/2020 13:04,
8/21/2020 19:09,
8/22/2020 1:17,
8/22/2020 7:47,
8/22/2020 13:49,
8/22/2020 19:55,
8/23/2020 1:59,
8/23/2020 8:32,
8/23/2020 14:38,0.4
8/23/2020 20:46,
8/24/2020 2:44,
8/24/2020 9:19,
8/24/2020 15:32,0.4
8/24/2020 21:43,1.3
8/25/2020 3:35,
8/25/2020 10:13,
8/25/2020 16:35,
8/25/2020 22:52,1.2
8/26/2020 4:37,0.6
8/26/2020 11:17,
8/26/2020 17:52,
8/27/2020 0:17,
8/27/2020 5:58,
8/27/2020 12:31,
8/27/2020 19:16,
8/28/2020 1:48,
8/28/2020 7:30,
8/28/2020 13:48,
8/28/2020 20:27,
8/29/2020 3:02,1.3
8/29/2020 8:46,
8/29/2020 14:53,1.3
8/29/2020 21:22,
8/30/2020 3:56,
8/30/2020 9:42,0.6
8/30/2020 15:45,
8/30/2020 22:05,
8/31/2020 4:39,1.4
8/31/2020 10:26,
8/31/2020 16:28,
8/31/2020 22:42,0.3
9/1/2020 5:14,1.5
9/1/2020 11:03,
9/1/2020 17:05,
9/1/2020 23:15,
9/2/2020 5:46,1.5
9/2/2020 11:36,0.5
9/2/2020 17:38,1.5
9/2/2020 23:46,
9/3/2020 6:15,
9/3/2020 12:07,
9/3/2020 18:10,
9/4/2020 0:16,
9/4/2020 6:43,
9/4/2020 12:39,
9/4/2020 18:41,
9/5/2020 0:46,0.3
9/5/2020 7:10,
9/5/2020 13:11,0.4
9/5/2020 19:12,1.4
9/6/2020 1:16,0.4
9/6/2020 7:38,1.5
9/6/2020 13:43,
9/6/2020 19:45,
9/7/2020 1:46,
9/7/2020 8:07,
9/7/2020 14:18,
9/7/2020 20:20,
9/8/2020 2:18,
9/8/2020 8:38,1.4
9/8/2020 14:58,
9/8/2020 21:02,
9/9/2020 2:53,
9/9/2020 9:17,1.3
9/9/2020 15:45,
9/9/2020 21:55,1.2
9/10/2020 3:39,
9/10/2020 10:06,
9/10/2020 16:49,
9/10/2020 23:11,1.1
9/11/2020 4:49,0.8
9/11/2020 11:16,
9/11/2020 18:13,0.6
9/12/2020 0:45,1.1
9/12/2020 6:29,0.8
9/12/2020 12:41,1.3
9/12/2020 19:34,
9/13/2020 2:06,1.2
9/13/2020 7:57,
9/13/2020 13:59,
9/13/2020 20:35,0.5
9/14/2020 3:05,1.3
9/14/2020 9:01,0.6
9/14/2020 15:01,
9/14/2020 21:25,
9/15/2020 3:52,
9/15/2020 9:51,
9/15/2020 15:53,1.5
9/15/2020 22:09,
9/16/2020 4:34,
9/16/2020 10:36,
9/16/2020 16:40,
9/16/2020 22:51,
9/17/2020 5:15,
9/17/2020 11:19,
9/17/2020 17:25,
9/17/2020 23:32,
9/18/2020 5:56,
9/18/2020 12:01,0.2
9/18/2020 18:09,1.7
9/19/2020 0:13,0.1
9/19/2020 6:36,1.8
9/19/2020 12:43,
9/19/2020 18:54,
9/20/2020 0:54,
9/20/2020 7:18,
9/20/2020 13:27,0.2
9/20/2020 19:40,1.6
9/21/2020 1:36,
9/21/2020 8:01,1.7
9/21/2020 14:13,
9/21/2020 20:30,1.5
9/22/2020 2:21,
9/22/2020 8:47,
9/22/2020 15:03,
9/22/2020 21:27,
9/23/2020 3:12,
9/23/2020 9:39,
9/23/2020 16:03,
9/23/2020 22:37,
9/24/2020 4:17,
9/24/2020 10:44,1.3
9/24/2020 17:19,
9/25/2020 0:07,
9/25/2020 5:52,
9/25/2020 12:09,
9/25/2020 18:50,
9/26/2020 1:39,
9/26/2020 7:37,0.8
9/26/2020 13:35,
9/26/2020 20:06,
9/27/2020 2:48,1.3
9/27/2020 8:49,0.7
9/27/2020 14:43,1.3
9/27/2020 21:01,
9/28/2020 3:37,1.4
9/28/2020 9:37,
9/28/2020 15:33,
9/28/2020 21:42,
9/29/2020 4:14,1.5
9/29/2020 10:13,
9/29/2020 16:13,1.4
9/29/2020 22:16,0.4
9/30/2020 4:45,
9/30/2020 10:44,
9/30/2020 16:47,
9/30/2020 22:47,
10/1/2020 5:13,
10/1/2020 11:13,0.5
10/1/2020 17:18,
10/1/2020 23:16,0.4
10/2/2020 5:39,
10/2/2020 11:42,0.4
10/2/2020 17:48,
10/2/2020 23:45,
10/3/2020 6:04,
10/3/2020 12:11,
10/3/2020 18:18,
10/4/2020 0:14,0.4
10/4/2020 6:29,
10/4/2020 12:41,
10/4/2020 18:48,
10/5/2020 0:43,
10/5/2020 6:55,
10/5/2020 13:11,
10/5/2020 19:20,1.4
10/6/2020 1:12,
10/6/2020 7:23,1.5
10/6/2020 13:43,
10/6/2020 19:55,1.4
10/7/2020 1:44,
10/7/2020 7:54,
10/7/2020 14:20,
10/7/2020 20:36,
10/8/2020 2:21,
10/8/2020 8:31,
10/8/2020 15:03,0.5
10/8/2020 21:29,
10/9/2020 3:09,
10/9/2020 9:21,
10/9/2020 16:02,0.6
10/9/2020 22:43,
10/10/2020 4:23,
10/10/2020 10:35,
10/10/2020 17:22,0.6
10/11/2020 0:14,1.2
10/11/2020 6:11,
10/11/2020 12:10,
10/11/2020 18:50,0.6
10/12/2020 1:33,1.3
10/12/2020 7:42,0.7
10/12/2020 13:35,
10/12/2020 19:59,
10/13/2020 2:33,
10/13/2020 8:43,
10/13/2020 14:41,
10/13/2020 20:53,
10/14/2020 3:21,
10/14/2020 9:32,0.5
10/14/2020 15:34,
10/14/2020 21:41,0.3
10/15/2020 4:05,
10/15/2020 10:17,
10/15/2020 16:23,
10/15/2020 22:25,
10/16/2020 4:47,1.8
10/16/2020 10:59,
10/16/2020 17:08,1.7
10/16/2020 23:07,
10/17/2020 5:28,
10/17/2020 11:41,
10/17/2020 17:54,
10/17/2020 23:49,0.2
10/18/2020 6:09,
10/18/2020 12:22,
10/18/2020 18:39,
10/19/2020 0:31,
10/19/2020 6:50,
10/19/2020 13:05,
10/19/2020 19:26,
10/20/2020 1:15,0.4
10/20/2020 7:32,
10/20/2020 13:49,
10/20/2020 20:16,
10/21/2020 2:01,
10/21/2020 8:17,1.5
10/21/2020 14:37,0.4
10/21/2020 21:14,
10/22/2020 2:54,
10/22/2020 9:08,
10/22/2020 15:33,
10/22/2020 22:23,
10/23/2020 4:03,
10/23/2020 10:12,
10/23/2020 16:43,
10/23/2020 23:48,1.3
10/24/2020 5:43,0.9
10/24/2020 11:38,
10/24/2020 18:09,
10/25/2020 1:13,
10/25/2020 7:28,
10/25/2020 13:09,
10/25/2020 19:27,
10/26/2020 2:17,1.4
10/26/2020 8:33,
10/26/2020 14:19,
10/26/2020 20:24,
10/27/2020 3:03,
10/27/2020 9:16,0.7
10/27/2020 15:10,
10/27/2020 21:06,
10/28/2020 3:39,
10/28/2020 9:49,
10/28/2020 15:50,
10/28/2020 21:42,
10/29/2020 4:09,
10/29/2020 10:19,0.5
10/29/2020 16:25,
10/29/2020 22:15,0.5
10/30/2020 4:36,1.6
10/30/2020 10:48,
10/30/2020 16:57,
10/30/2020 22:45,
10/31/2020 5:02,1.6
10/31/2020 11:16,0.4
10/31/2020 17:27,
10/31/2020 23:15,0.5
11/1/2020 5:27,
11/1/2020 11:45,
11/1/2020 17:58,1.5
11/1/2020 23:45,
11/2/2020 5:53,1.6
11/2/2020 12:15,
11/2/2020 18:30,1.5
11/3/2020 0:15,
11/3/2020 6:21,
11/3/2020 12:46,
11/3/2020 19:03,
11/4/2020 0:47,
11/4/2020 6:51,
11/4/2020 13:19,
11/4/2020 19:40,
11/5/2020 1:22,0.7
11/5/2020 7:24,
11/5/2020 13:55,
11/5/2020 20:23,
11/6/2020 2:03,0.7
11/6/2020 8:04,
11/6/2020 14:38,
11/6/2020 21:17,1.3
11/7/2020 2:57,
11/7/2020 8:57,
11/7/2020 15:33,
11/7/2020 22:25,
11/8/2020 4:13,
11/8/2020 10:10,1.3
11/8/2020 16:44,
11/8/2020 23:43,1.4
11/9/2020 5:51,
11/9/2020 11:41,
11/9/2020 18:05,0.6
11/10/2020 0:56,
11/10/2020 7:17,
11/10/2020 13:07,
11/10/2020 19:18,0.5
11/11/2020 1:57,
11/11/2020 8:20,
11/11/2020 14:16,
11/11/2020 20:19,
11/12/2020 2:49,
11/12/2020 9:11,
11/12/2020 15:14,
11/12/2020 21:11,
11/13/2020 3:35,
11/13/2020 9:57,
11/13/2020 16:06,1.6
11/13/2020 21:59,
11/14/2020 4:19,
11/14/2020 10:40,
11/14/2020 16:54,
11/14/2020 22:44,
11/15/2020 5:02,
11/15/2020 11:22,
11/15/2020 17:40,
11/15/2020 23:29,
11/16/2020 5:44,1.8
11/16/2020 12:04,
11/16/2020 18:27,
11/17/2020 0:13,
11/17/2020 6:26,1.8
11/17/2020 12:46,
11/17/2020 19:15,1.6
11/18/2020 0:58,
11/18/2020 7:08,
11/18/2020 13:30,
11/18/2020 20:05,
11/19/2020 1:45,
11/19/2020 7:52,
11/19/2020 14:15,0.4
11/19/2020 21:00,
11/20/2020 2:39,
11/20/2020 8:40,
11/20/2020 15:05,0.5
11/20/2020 22:02,
11/21/2020 3:44,0.8
11/21/2020 9:38,
11/21/2020 16:03,
11/21/2020 23:13,
11/22/2020 5:11,0.9
11/22/2020 10:53,
11/22/2020 17:13,
11/23/2020 0:25,
11/23/2020 6:45,0.9
11/23/2020 12:19,
11/23/2020 18:27,
11/24/2020 1:27,
11/24/2020 7:54,
11/24/2020 13:35,
11/24/2020 19:30,0.7
11/25/2020 2:16,1.5
11/25/2020 8:41,0.7
11/25/2020 14:34,
11/25/2020 20:20,0.7
11/26/2020 2:55,
11/26/2020 9:18,
11/26/2020 15:20,1.3
11/26/2020 21:02,
11/27/2020 3:28,1.5
11/27/2020 9:50,
11/27/2020 15:59,1.4
11/27/2020 21:40,0.6
11/28/2020 3:58,
11/28/2020 10:22,
11/28/2020 16:35,
11/28/2020 22:15,0.6
11/29/2020 4:27,
11/29/2020 10:52,
11/29/2020 17:09,1.4
11/29/2020 22:48,
11/30/2020 4:56,1.6
11/30/2020 11:23,
11/30/2020 17:42,
11/30/2020 23:22,
12/1/2020 5:26,
12/1/2020 11:55,
12/1/2020 18:16,
12/1/2020 23:56,
12/2/2020 5:58,1.6
12/2/2020 12:28,0.3
12/2/2020 18:53,
12/3/2020 0:32,0.7
12/3/2020 6:32,1.6
12/3/2020 13:02,
12/3/2020 19:32,
12/4/2020 1:12,0.7
12/4/2020 7:10,
12/4/2020 13:40,
12/4/2020 20:16,
12/5/2020 1:57,
12/5/2020 7:53,1.5
12/5/2020 14:23,0.4
12/5/2020 21:07,
12/6/2020 2:53,
12/6/2020 8:46,1.4
12/6/2020 15:13,
12/6/2020 22:06,1.5
12/7/2020 4:02,
12/7/2020 9:52,1.3
12/7/2020 16:13,
12/7/2020 23:11,
12/8/2020 5:24,
12/8/2020 11:12,
12/8/2020 17:24,
12/9/2020 0:18,
12/9/2020 6:45,
12/9/2020 12:35,1.3
12/9/2020 18:37,
12/10/2020 1:20,
12/10/2020 7:52,
12/10/2020 13:50,1.4
12/10/2020 19:44,
12/11/2020 2:17,
12/11/2020 8:48,
12/11/2020 14:55,
12/11/2020 20:43,
12/12/2020 3:08,
12/12/2020 9:37,
12/12/2020 15:51,
12/12/2020 21:37,
12/13/2020 3:56,1.8
12/13/2020 10:23,
12/13/2020 16:43,
12/13/2020 22:26,
12/14/2020 4:42,
12/14/2020 11:07,
12/14/2020 17:32,
12/14/2020 23:14,
12/15/2020 5:26,
12/15/2020 11:49,0.2
12/15/2020 18:19,1.6
12/16/2020 0:00,0.5
12/16/2020 6:08,
12/16/2020 12:31,
12/16/2020 19:05,
12/17/2020 0:46,0.6
12/17/2020 6:50,
12/17/2020 13:12,
12/17/2020 19:52,
12/18/2020 1:32,
12/18/2020 7:33,1.5
12/18/2020 13:54,
12/18/2020 20:40,
12/19/2020 2:21,
12/19/2020 8:17,
12/19/2020 14:37,
12/19/2020 21:31,
12/20/2020 3:16,
12/20/2020 9:05,
12/20/2020 15:24,0.5
12/20/2020 22:24,
12/21/2020 4:20,
12/21/2020 10:01,
12/21/2020 16:15,
12/21/2020 23:20,1.4
12/22/2020 5:33,0.8
12/22/2020 11:10,1.2
12/22/2020 17:15,
12/23/2020 0:18,
12/23/2020 6:48,
12/23/2020 12:28,
12/23/2020 18:19,
12/24/2020 1:12,
12/24/2020 7:49,
12/24/2020 13:42,1.2
12/24/2020 19:22,
12/25/2020 1:59,
12/25/2020 8:37,
12/25/2020 14:43,1.2
12/25/2020 20:17,
12/26/2020 2:41,1.5
12/26/2020 9:19,
12/26/2020 15:33,
12/26/2020 21:04,
12/27/2020 3:20,
12/27/2020 9:55,
12/27/2020 16:15,
12/27/2020 21:47,0.7
12/28/2020 3:56,
12/28/2020 10:31,
12/28/2020 16:53,
12/28/2020 22:27,
12/29/2020 4:32,
12/29/2020 11:05,
12/29/2020 17:29,
12/29/2020 23:06,
12/30/2020 5:08,
12/30/2020 11:39,
12/30/2020 18:05,
12/30/2020 23:44,
12/31/2020 5:45,
12/31/2020 12:14,
12/31/2020 18:43,
1/1/2021 0:21,
1/1/2021 6:22,
1/1/2021 12:50,
1/1/2021 19:22,1.6
1/2/2021 1:06,
1/2/2021 7:03,
1/2/2021 13:28,
1/2/2021 20:04,
1/3/2021 1:52,0.7
1/3/2021 7:47,1.5
1/3/2021 14:08,
1/3/2021 20:50,
1/4/2021 2:43,0.7
1/4/2021 8:37,
1/4/2021 14:54,
1/4/2021 21:40,
1/5/2021 3:42,
1/5/2021 9:35,
1/5/2021 15:45,0.5
1/5/2021 22:36,
1/6/2021 4:50,0.7
1/6/2021 10:43,
1/6/2021 16:45,
1/6/2021 23:37,
1/7/2021 6:06,
1/7/2021 12:02,1.3
1/7/2021 17:54,
1/8/2021 0:41,
1/8/2021 7:21,
1/8/2021 13:25,1.3
1/8/2021 19:09,0.7
1/9/2021 1:45,
1/9/2021 8:26,
1/9/2021 14:40,
1/9/2021 20:20,0.7
1/10/2021 2:45,
1/10/2021 9:22,0.4
1/10/2021 15:44,
1/10/2021 21:23,
1/11/2021 3:39,
1/11/2021 10:11,
1/11/2021 16:39,
1/11/2021 22:17,
1/12/2021 4:29,1.7
1/12/2021 10:56,
1/12/2021 17:28,
1/12/2021 23:07,
1/13/2021 5:14,1.7
1/13/2021 11:38,
1/13/2021 18:13,
1/13/2021 23:53,0.6
1/14/2021 5:57,1.6
1/14/2021 12:18,0.3
1/14/2021 18:55,
1/15/2021 0:36,
1/15/2021 6:37,1.6
1/15/2021 12:55,0.3
1/15/2021 19:35,
1/16/2021 1:18,
1/16/2021 7:16,1.5
1/16/2021 13:32,0.3
1/16/2021 20:14,
1/17/2021 2:00,
1/17/2021 7:55,1.5
1/17/2021 10:09,
1/17/2021 20:53,1.6
1/18/2021 2:43,
1/18/2021 8:43,
1/18/2021 14:46,
1/18/2021 21:36,
1/19/2021 3:30,
1/19/2021 9:17,
1/19/2021 15:26,0.6
1/19/2021 22:13,
1/20/2021 4:23,0.8
1/20/2021 10:07,
1/20/2021 16:09,
1/20/2021 22:59,1.4
1/21/2021 5:26,0.8
1/21/2021 11:12,1.2
1/21/2021 17:02,
1/21/2021 23:50,
1/22/2021 6:37,
1/22/2021 12:33,
1/22/2021 18:09,
1/23/2021 0:48,
1/23/2021 7:45,0.7
1/23/2021 13:57,
1/23/2021 19:23,
1/24/2021 1:47,
1/24/2021 8:41,0.6
1/24/2021 15:04,
1/24/2021 20:29,
1/25/2021 2:41,
1/25/2021 9:28,0.5
1/25/2021 15:55,
1/25/2021 21:24,
1/26/2021 3:29,
1/26/2021 10:09,
1/26/2021 16:36,1.4
1/26/2021 10:11,
1/27/2021 4:13,1.5
1/27/2021 10:46,
1/27/2021 17:14,1.5
1/27/2021 22:54,
1/28/2021 4:54,
1/28/2021 11:23,0.3
1/28/2021 17:50,
1/28/2021 23:35,
1/29/2021 5:35,
1/29/2021 11:58,0.3
1/29/2021 18:27,
1/30/2021 0:16,
1/30/2021 6:15,
1/30/2021 12:35,
1/30/2021 19:05,1.7
1/31/2021 0:57,0.5
1/31/2021 6:57,1.6
1/31/2021 13:12,
1/31/2021 19:44,
2/1/2021 1:40,
2/1/2021 7:40,
2/1/2021 13:51,
2/1/2021 20:26,
2/2/2021 2:27,
2/2/2021 8:26,
2/2/2021 14:33,
2/2/2021 21:11,
2/3/2021 3:18,
2/3/2021 9:18,1.4
2/3/2021 15:20,0.5
2/3/2021 22:01,
2/4/2021 4:07,
2/4/2021 10:20,
2/4/2021 16:14,0.6
2/4/2021 22:59,
2/5/2021 5:28,0.6
2/5/2021 11:37,1.3
2/5/2021 17:22,
2/6/2021 0:06,1.5
2/6/2021 6:51,
2/6/2021 13:08,1.2
2/6/2021 18:47,
2/7/2021 1:21,
2/7/2021 8:09,
2/7/2021 14:35,
2/7/2021 20:13,
2/8/2021 2:32,1.5
2/8/2021 9:12,
2/8/2021 15:43,1.4
2/8/2021 21:23,
2/9/2021 3:33,
2/9/2021 10:03,
2/9/2021 16:36,
2/9/2021 22:19,0.7
2/10/2021 4:24,
2/10/2021 10:47,
2/10/2021 17:20,1.6
2/10/2021 23:05,
2/11/2021 5:07,
2/11/2021 11:25,
2/11/2021 17:59,
2/11/2021 23:45,
2/12/2021 5:46,
2/12/2021 12:00,
2/12/2021 18:34,1.6
2/13/2021 0:22,
2/13/2021 6:23,1.6
2/13/2021 12:33,
2/13/2021 19:07,
2/14/2021 0:57,
2/14/2021 6:57,
2/14/2021 13:06,0.3
2/14/2021 19:38,
2/15/2021 1:31,
2/15/2021 7:30,
2/15/2021 13:37,
2/15/2021 20:09,
2/16/2021 2:06,0.6
2/16/2021 8:03,
2/16/2021 14:09,
2/16/2021 20:39,
2/17/2021 2:43,
2/17/2021 8:39,1.4
2/17/2021 14:41,0.5
2/17/2021 21:11,
2/18/2021 3:24,
2/18/2021 9:20,
2/18/2021 15:16,0.6
2/18/2021 21:47,
2/19/2021 4:13,0.7
2/19/2021 10:11,1.2
2/19/2021 15:58,
2/19/2021 22:32,
2/20/2021 5:17,
2/20/2021 11:23,
2/20/2021 16:58,
2/20/2021 23:33,
2/21/2021 6:39,
2/21/2021 13:01,
2/21/2021 18:28,
2/22/2021 0:50,
2/22/2021 7:57,0.7
2/22/2021 14:30,1.2
2/22/2021 20:00,
2/23/2021 2:06,
2/23/2021 8:56,
2/23/2021 15:28,1.3
2/23/2021 21:07,
2/24/2021 3:06,
2/24/2021 9:42,0.5
2/24/2021 16:11,
2/24/2021 21:57,
2/25/2021 3:56,
2/25/2021 10:23,0.4
2/25/2021 16:49,
2/25/2021 22:41,
2/26/2021 4:41,
2/26/2021 11:00,
2/26/2021 17:26,
2/26/2021 23:21,
2/27/2021 5:23,
2/27/2021 11:37,0.2
2/27/2021 18:03,
2/28/2021 0:01,
2/28/2021 6:04,
2/28/2021 12:15,
2/28/2021 18:40,
3/1/2021 0:41,0.4
3/1/2021 6:46,
3/1/2021 12:52,
3/1/2021 19:19,
3/2/2021 1:23,0.4
3/2/2021 7:28,
3/2/2021 13:31,
3/2/2021 19:59,
3/3/2021 2:06,
3/3/2021 8:14,
3/3/2021 14:13,
3/3/2021 20:42,
3/4/2021 2:53,
3/4/2021 9:04,1.4
3/4/2021 14:58,
3/4/2021 21:29,
3/5/2021 3:48,0.5
3/5/2021 10:04,
3/5/2021 15:51,0.6
3/5/2021 22:26,1.5
3/6/2021 4:56,
3/6/2021 11:23,
3/6/2021 17:03,
3/6/2021 23:38,
3/7/2021 6:23,0.6
3/7/2021 13:02,
3/7/2021 18:44,
3/8/2021 1:06,1.3
3/8/2021 7:52,
3/8/2021 14:33,
3/8/2021 20:22,
3/9/2021 2:26,1.3
3/9/2021 9:00,
3/9/2021 15:37,
3/9/2021 21:29,0.7
3/10/2021 3:28,
3/10/2021 9:50,
3/10/2021 16:24,1.5
3/10/2021 22:17,
3/11/2021 4:17,1.4
3/11/2021 10:30,
3/11/2021 17:01,
3/11/2021 22:55,
3/12/2021 4:56,
3/12/2021 11:04,0.3
3/12/2021 17:34,
3/12/2021 23:29,
3/13/2021 5:31,
3/13/2021 11:36,
3/13/2021 18:04,1.6
3/14/2021 0:00,0.5
3/14/2021 6:04,1.5
3/14/2021 12:06,
3/14/2021 18:32,1.6
3/15/2021 0:30,
3/15/2021 6:35,
3/15/2021 12:35,
3/15/2021 18:59,1.6
3/16/2021 1:01,
3/16/2021 7:05,
3/16/2021 13:04,
3/16/2021 19:25,
3/17/2021 1:32,0.4
3/17/2021 7:37,1.4
3/17/2021 13:34,
3/17/2021 19:51,1.5
3/18/2021 2:04,
3/18/2021 8:10,1.4
3/18/2021 14:04,
3/18/2021 20:19,1.5
3/19/2021 2:39,0.5
3/19/2021 8:47,
3/19/2021 14:36,
3/19/2021 20:52,
3/20/2021 3:20,0.6
3/20/2021 9:33,
3/20/2021 15:15,
3/20/2021 21:33,1.3
3/21/2021 4:14,
3/21/2021 10:38,1.1
3/21/2021 16:11,
3/21/2021 22:32,1.3
3/22/2021 5:31,
3/22/2021 12:11,
3/22/2021 17:48,0.9
3/22/2021 23:59,
3/23/2021 7:02,
3/23/2021 13:45,
3/23/2021 19:36,
3/24/2021 1:31,
3/24/2021 8:14,
3/24/2021 14:49,
3/24/2021 20:46,
3/25/2021 2:41,
3/25/2021 9:07,0.5
3/25/2021 15:36,
3/25/2021 21:37,
3/26/2021 3:35,
3/26/2021 9:51,
3/26/2021 16:16,
3/26/2021 22:20,
3/27/2021 4:22,
3/27/2021 10:32,
3/27/2021 16:55,1.7
3/27/2021 23:01,
3/28/2021 5:06,
3/28/2021 11:11,
3/28/2021 17:33,
3/28/2021 23:41,
3/29/2021 5:48,
3/29/2021 11:50,0.2
3/29/2021 18:12,
3/30/2021 0:21,
3/30/2021 6:31,1.6
3/30/2021 12:30,
3/30/2021 18:51,
3/31/2021 1:03,0.2
3/31/2021 7:16,1.6
3/31/2021 13:11,0.3
3/31/2021 19:32,
4/1/2021 1:46,
4/1/2021 8:03,1.5
4/1/2021 13:54,
4/1/2021 20:15,1.6
4/2/2021 2:32,0.3
4/2/2021 8:55,1.4
4/2/2021 14:41,
4/2/2021 21:02,
4/3/2021 3:25,
4/3/2021 9:57,
4/3/2021 15:38,0.7
4/3/2021 22:00,1.4
4/4/2021 4:30,
4/4/2021 11:18,
4/4/2021 17:00,0.8
4/4/2021 23:17,
4/5/2021 5:57,0.6
4/5/2021 12:55,
4/5/2021 18:54,
4/6/2021 0:52,
4/6/2021 7:28,
4/6/2021 14:18,1.3
4/6/2021 20:26,
4/7/2021 2:15,
4/7/2021 8:35,
4/7/2021 15:15,
4/7/2021 21:23,
4/8/2021 3:15,1.3
4/8/2021 9:23,
4/8/2021 15:57,
4/8/2021 22:03,
4/9/2021 4:01,1.3
4/9/2021 10:02,0.4
4/9/2021 16:32,1.5
4/9/2021 22:36,0.5
4/10/2021 4:38,
4/10/2021 10:35,
4/10/2021 17:01,
4/10/2021 23:05,
4/11/2021 5:11,
4/11/2021 11:05,
4/11/2021 17:28,
4/11/2021 23:34,0.4
4/12/2021 5:42,1.4
4/12/2021 11:35,0.4
4/12/2021 17:54,
4/13/2021 0:02,
4/13/2021 6:12,
4/13/2021 12:04,
4/13/2021 18:19,
4/14/2021 0:32,
4/14/2021 6:43,1.4
4/14/2021 12:33,
4/14/2021 18:44,
4/15/2021 1:01,0.3
4/15/2021 7:15,
4/15/2021 13:03,
4/15/2021 19:11,
4/16/2021 1:33,
4/16/2021 7:48,1.3
4/16/2021 13:34,
4/16/2021 19:39,1.4
4/17/2021 2:07,
4/17/2021 8:26,1.3
4/17/2021 14:08,0.6
4/17/2021 20:12,
4/18/2021 2:46,
4/18/2021 9:13,
4/18/2021 14:51,
4/18/2021 20:55,1.3
4/19/2021 3:35,0.5
4/19/2021 10:15,
4/19/2021 15:52,0.8
4/19/2021 21:54,
4/20/2021 4:42,0.6
4/20/2021 11:36,
4/20/2021 17:27,0.8
4/20/2021 23:21,1.2
4/21/2021 6:06,0.6
4/21/2021 12:59,1.2
4/21/2021 19:08,
4/22/2021 0:55,
4/22/2021 7:23,0.5
4/22/2021 14:03,
4/22/2021 20:18,
4/23/2021 2:10,1.3
4/23/2021 8:23,
4/23/2021 14:54,1.5
4/23/2021 21:10,
4/24/2021 3:08,
4/24/2021 9:14,
4/24/2021 15:39,
4/24/2021 21:55,0.3
4/25/2021 3:59,
4/25/2021 9:59,
4/25/2021 16:21,
4/25/2021 22:38,0.2
4/26/2021 4:46,
4/26/2021 10:43,
4/26/2021 17:03,
4/26/2021 23:19,
4/27/2021 5:32,1.6
4/27/2021 11:25,
4/27/2021 17:43,
4/28/2021 0:01,
4/28/2021 6:17,1.6
4/28/2021 12:09,
4/28/2021 18:25,
4/29/2021 0:43,
4/29/2021 7:05,1.6
4/29/2021 12:52,
4/29/2021 19:08,
4/30/2021 1:27,
4/30/2021 7:55,
4/30/2021 13:39,
4/30/2021 19:52,
5/1/2021 2:14,
5/1/2021 8:50,
5/1/2021 14:31,
5/1/2021 20:42,
5/2/2021 3:06,
5/2/2021 9:53,
5/2/2021 15:34,
5/2/2021 21:40,
5/3/2021 4:08,
5/3/2021 11:09,
5/3/2021 17:01,0.8
5/3/2021 22:57,1.2
5/4/2021 5:25,
5/4/2021 12:31,
5/4/2021 18:46,0.8
5/5/2021 0:27,
5/5/2021 6:46,
5/5/2021 13:43,
5/5/2021 20:06,
5/6/2021 1:47,1.1
5/6/2021 7:52,
5/6/2021 14:37,1.4
5/6/2021 20:57,
5/7/2021 2:48,1.2
5/7/2021 8:43,
5/7/2021 15:18,
5/7/2021 21:36,0.5
5/8/2021 3:35,
5/8/2021 9:24,
5/8/2021 15:53,
5/8/2021 22:08,
5/9/2021 4:13,
5/9/2021 9:59,
5/9/2021 16:22,
5/9/2021 22:37,
5/10/2021 4:48,
5/10/2021 10:32,
5/10/2021 16:49,
5/10/2021 23:06,
5/11/2021 5:21,
5/11/2021 11:03,
5/11/2021 17:16,1.5
5/11/2021 23:36,
5/12/2021 5:52,
5/12/2021 11:34,
5/12/2021 17:42,
5/13/2021 0:06,
5/13/2021 6:25,
5/13/2021 12:06,0.5
5/13/2021 18:10,
5/14/2021 0:37,
5/14/2021 6:59,
5/14/2021 12:39,
5/14/2021 18:39,
5/15/2021 1:10,
5/15/2021 7:35,
5/15/2021 13:13,
5/15/2021 19:12,1.4
5/16/2021 1:45,
5/16/2021 8:15,1.3
5/16/2021 13:53,
5/16/2021 19:49,
5/17/2021 2:24,
5/17/2021 9:03,1.3
5/17/2021 14:41,
5/17/2021 20:35,
5/18/2021 3:11,0.4
5/18/2021 10:00,
5/18/2021 15:45,
5/18/2021 21:35,
5/19/2021 4:09,
5/19/2021 11:06,1.3
5/19/2021 17:08,
5/19/2021 22:54,
5/20/2021 5:20,0.5
5/20/2021 12:15,
5/20/2021 18:34,
5/21/2021 0:19,
5/21/2021 6:32,0.5
5/21/2021 13:17,
5/21/2021 19:44,
5/22/2021 1:35,1.2
5/22/2021 7:38,
5/22/2021 14:13,1.5
5/22/2021 20:40,
5/23/2021 2:39,
5/23/2021 8:36,0.4
5/23/2021 15:02,
5/23/2021 21:29,0.3
5/24/2021 3:36,
5/24/2021 9:27,
5/24/2021 15:49,
5/24/2021 22:14,
5/25/2021 4:27,
5/25/2021 10:16,
5/25/2021 16:34,
5/25/2021 22:59,
5/26/2021 5:17,1.5
5/26/2021 11:04,
5/26/2021 17:19,
5/26/2021 23:42,0.1
5/27/2021 6:07,
5/27/2021 11:51,0.4
5/27/2021 18:04,
5/28/2021 0:27,0.1
5/28/2021 6:57,1.5
5/28/2021 12:39,0.4
5/28/2021 18:49,
5/29/2021 1:12,
5/29/2021 7:48,
5/29/2021 13:29,0.5
5/29/2021 19:35,
5/30/2021 1:58,
5/30/2021 8:42,
5/30/2021 14:23,
5/30/2021 20:25,
5/31/2021 2:48,0.3
5/31/2021 9:41,
5/31/2021 15:27,0.7
5/31/2021 21:22,
6/1/2021 3:43,0.4
6/1/2021 10:45,
6/1/2021 16:42,
6/1/2021 22:28,1.1
6/2/2021 4:44,
6/2/2021 11:51,1.3
6/2/2021 18:07,
6/2/2021 23:44,
6/3/2021 5:51,0.5
6/3/2021 12:53,
6/3/2021 19:21,
6/4/2021 1:01,1.1
6/4/2021 6:55,
6/4/2021 13:46,1.3
6/4/2021 20:16,0.6
6/5/2021 2:07,
6/5/2021 7:51,
6/5/2021 14:30,
6/5/2021 20:59,
6/6/2021 3:00,
6/6/2021 8:38,
6/6/2021 15:07,1.4
6/6/2021 21:34,
6/7/2021 3:45,
6/7/2021 9:20,
6/7/2021 15:40,
6/7/2021 22:08,0.4
6/8/2021 4:24,
6/8/2021 9:58,0.5
6/8/2021 16:12,
6/8/2021 22:40,
6/9/2021 5:01,
6/9/2021 10:35,0.5
6/9/2021 16:42,
6/9/2021 23:13,
6/10/2021 5:36,
6/10/2021 11:10,
6/10/2021 17:13,
6/10/2021 23:45,
6/11/2021 6:11,
6/11/2021 11:46,0.6
6/11/2021 17:46,1.5
6/12/2021 0:18,
6/12/2021 6:47,1.3
6/12/2021 12:23,
6/12/2021 18:20,
6/13/2021 0:52,0.2
6/13/2021 7:24,
6/13/2021 13:02,
6/13/2021 18:57,
6/14/2021 1:29,0.2
6/14/2021 8:05,1.3
6/14/2021 13:45,
6/14/2021 19:38,
6/15/2021 2:08,0.3
6/15/2021 8:50,
6/15/2021 14:35,
6/15/2021 20:25,
6/16/2021 2:52,
6/16/2021 9:39,
6/16/2021 15:33,
6/16/2021 21:22,
6/17/2021 3:42,0.4
6/17/2021 10:35,
6/17/2021 16:42,
6/17/2021 22:29,
6/18/2021 4:42,0.4
6/18/2021 11:35,1.4
6/18/2021 17:57,
6/18/2021 23:45,
6/19/2021 5:48,
6/19/2021 12:36,
6/19/2021 19:08,0.5
6/20/2021 1:02,1.2
6/20/2021 6:56,0.4
6/20/2021 13:34,
6/20/2021 20:10,
6/21/2021 2:13,
6/21/2021 8:02,
6/21/2021 14:30,1.5
6/21/2021 21:05,
6/22/2021 3:17,1.3
6/22/2021 9:01,
6/22/2021 15:23,
6/22/2021 21:55,
6/23/2021 4:14,
6/23/2021 9:57,
6/23/2021 16:13,
6/23/2021 22:43,
6/24/2021 5:08,
6/24/2021 10:49,
6/24/2021 17:01,
6/24/2021 23:28,
6/25/2021 5:59,
6/25/2021 11:40,0.4
6/25/2021 17:48,
6/26/2021 0:13,0.1
6/26/2021 6:48,1.5
6/26/2021 12:29,
6/26/2021 18:34,1.5
6/27/2021 0:57,
6/27/2021 7:37,
6/27/2021 13:19,
6/27/2021 19:21,
6/28/2021 1:41,
6/28/2021 8:26,1.5
6/28/2021 14:10,
6/28/2021 20:07,1.3
6/29/2021 2:25,
6/29/2021 9:15,
6/29/2021 15:04,
6/29/2021 20:56,
6/30/2021 3:11,
6/30/2021 10:06,
6/30/2021 16:03,
6/30/2021 21:50,1.2
7/1/2021 3:59,
7/1/2021 10:58,
7/1/2021 17:09,
7/1/2021 22:51,
7/2/2021 4:52,0.5
7/2/2021 11:51,
7/2/2021 18:17,0.6
7/3/2021 0:00,
7/3/2021 5:50,0.6
7/3/2021 12:43,1.3
7/3/2021 19:20,
7/4/2021 1:14,
7/4/2021 6:52,0.6
7/4/2021 13:32,1.3
7/4/2021 20:14,0.5
7/5/2021 2:20,
7/5/2021 7:50,
7/5/2021 14:18,
7/5/2021 20:59,
7/6/2021 3:16,
7/6/2021 8:43,
7/6/2021 15:00,1.4
7/6/2021 21:40,0.4
7/7/2021 4:03,
7/7/2021 9:30,
7/7/2021 15:39,1.4
7/7/2021 22:17,
7/8/2021 4:44,1.2
7/8/2021 10:13,0.6
7/8/2021 16:17,
7/8/2021 22:53,
7/9/2021 5:21,
7/9/2021 10:53,
7/9/2021 16:54,
7/9/2021 23:28,
7/10/2021 5:57,
7/10/2021 11:33,0.6
7/10/2021 17:31,
7/11/2021 0:02,
7/11/2021 6:32,
7/11/2021 12:12,0.5
7/11/2021 18:09,
7/12/2021 0:37,
7/12/2021 7:09,1.4
7/12/2021 12:52,
7/12/2021 18:48,1.4
7/13/2021 1:12,
7/13/2021 7:47,
7/13/2021 13:35,
7/13/2021 19:30,
7/14/2021 1:50,
7/14/2021 8:28,1.4
7/14/2021 14:21,
7/14/2021 20:15,1.3
7/15/2021 2:31,0.3
7/15/2021 9:13,
7/15/2021 15:13,0.5
7/15/2021 21:06,
7/16/2021 3:17,
7/16/2021 10:02,
7/16/2021 16:12,0.5
7/16/2021 22:06,1.2
7/17/2021 4:09,
7/17/2021 10:57,
7/17/2021 17:20,
7/17/2021 23:17,1.2
7/18/2021 5:11,0.5
7/18/2021 11:58,
7/18/2021 18:33,0.5
7/19/2021 0:36,
7/19/2021 6:23,
7/19/2021 13:02,1.4
7/19/2021 19:44,0.4
7/20/2021 1:56,1.2
7/20/2021 7:38,
7/20/2021 14:06,1.4
7/20/2021 20:47,
7/21/2021 3:08,1.3
7/21/2021 8:48,0.5
7/21/2021 15:06,
7/21/2021 21:42,0.2
7/22/2021 4:09,1.3
7/22/2021 9:49,
7/22/2021 16:01,
7/22/2021 22:31,
7/23/2021 5:02,
7/23/2021 10:43,
7/23/2021 16:51,
7/23/2021 23:16,
7/24/2021 5:50,
7/24/2021 11:33,0.5
7/24/2021 17:38,1.5
7/24/2021 23:59,
7/25/2021 6:35,
7/25/2021 12:19,
7/25/2021 18:22,1.5
7/26/2021 0:39,
7/26/2021 7:17,
7/26/2021 13:03,
7/26/2021 19:04,
7/27/2021 1:18,
7/27/2021 7:58,1.5
7/27/2021 13:46,
7/27/2021 19:45,1.4
7/28/2021 1:56,
7/28/2021 8:38,
7/28/2021 14:30,
7/28/2021 20:45,
7/29/2021 2:34,
7/29/2021 9:17,
7/29/2021 15:15,
7/29/2021 21:08,
7/30/2021 3:13,0.4
7/30/2021 9:58,
7/30/2021 16:05,
7/30/2021 21:57,
7/31/2021 3:55,
7/31/2021 10:42,1.3
7/31/2021 17:04,
7/31/2021 22:56,
8/1/2021 4:45,0.6
8/1/2021 11:31,
8/1/2021 18:11,0.6
8/2/2021 0:12,1
8/2/2021 5:48,0.7
8/2/2021 12:27,
8/2/2021 19:21,
8/3/2021 1:36,1
8/3/2021 7:02,
8/3/2021 13:27,1.3
8/3/2021 20:22,
8/4/2021 2:49,1.1
8/4/2021 8:12,0.7
8/4/2021 14:24,
8/4/2021 21:12,
8/5/2021 3:42,
8/5/2021 9:10,0.7
8/5/2021 15:14,
8/5/2021 21:54,0.4
8/6/2021 4:24,
8/6/2021 9:58,0.6
8/6/2021 15:59,
8/6/2021 22:32,0.3
8/7/2021 5:01,1.3
8/7/2021 10:40,
8/7/2021 16:39,
8/7/2021 23:07,
8/8/2021 5:35,1.4
8/8/2021 11:20,
8/8/2021 17:19,
8/8/2021 23:42,
8/9/2021 6:10,
8/9/2021 11:59,
8/9/2021 17:57,
8/10/2021 0:16,
8/10/2021 6:45,
8/10/2021 12:37,0.4
8/10/2021 18:37,
8/11/2021 0:51,
8/11/2021 7:21,1.6
8/11/2021 13:18,
8/11/2021 19:18,1.5
8/12/2021 1:28,
8/12/2021 8:00,
8/12/2021 14:01,
8/12/2021 20:01,
8/13/2021 2:08,
8/13/2021 8:42,1.6
8/13/2021 14:48,0.4
8/13/2021 20:50,1.3
8/14/2021 2:50,0.3
8/14/2021 9:28,
8/14/2021 15:42,0.5
8/14/2021 21:46,
8/15/2021 3:41,
8/15/2021 10:21,1.5
8/15/2021 16:46,
8/15/2021 22:56,
8/16/2021 4:43,
8/16/2021 11:25,
8/16/2021 18:03,
8/17/2021 0:22,
8/17/2021 6:03,
8/17/2021 12:39,
8/17/2021 19:25,0.5
8/18/2021 1:51,1.2
8/18/2021 7:33,
8/18/2021 13:54,
8/18/2021 20:36,
8/19/2021 3:06,
8/19/2021 8:50,0.6
8/19/2021 15:01,
8/19/2021 21:33,
8/20/2021 4:05,
8/20/2021 9:51,
8/20/2021 15:56,
8/20/2021 22:20,
8/21/2021 4:53,1.5
8/21/2021 10:41,
8/21/2021 16:45,1.5
8/21/2021 23:02,
8/22/2021 5:35,
8/22/2021 11:24,
8/22/2021 17:27,
8/22/2021 23:40,
8/23/2021 6:12,1.6
8/23/2021 12:03,
8/23/2021 18:06,
8/24/2021 0:15,
8/24/2021 6:48,
8/24/2021 12:40,
8/24/2021 18:43,1.5
8/25/2021 0:49,0.2
8/25/2021 7:21,1.6
8/25/2021 13:16,
8/25/2021 19:18,
8/26/2021 1:22,
8/26/2021 7:53,
8/26/2021 13:52,
8/26/2021 19:53,
8/27/2021 1:55,
8/27/2021 8:25,
8/27/2021 14:29,0.5
8/27/2021 20:30,
8/28/2021 2:29,
8/28/2021 8:57,
8/28/2021 15:09,0.5
8/28/2021 21:11,
8/29/2021 3:04,0.6
8/29/2021 9:33,
8/29/2021 15:57,
8/29/2021 22:02,1.1
8/30/2021 3:48,
8/30/2021 10:17,1.3
8/30/2021 16:59,0.6
8/30/2021 23:14,
8/31/2021 4:47,
8/31/2021 11:17,1.2
8/31/2021 18:19,0.6
9/1/2021 0:51,
9/1/2021 6:19,0.8
9/1/2021 12:35,
9/1/2021 19:39,
9/2/2021 2:18,
9/2/2021 7:50,0.8
9/2/2021 13:52,
9/2/2021 20:40,
9/3/2021 3:15,
9/3/2021 8:55,
9/3/2021 14:52,1.3
9/3/2021 21:26,
9/4/2021 3:56,
9/4/2021 9:43,
9/4/2021 15:40,
9/4/2021 22:05,
9/5/2021 4:31,1.4
9/5/2021 10:24,
9/5/2021 16:23,1.5
9/5/2021 22:41,
9/6/2021 5:05,1.5
9/6/2021 11:02,
9/6/2021 17:03,
9/6/2021 23:16,
9/7/2021 5:40,
9/7/2021 11:39,
9/7/2021 17:42,
9/7/2021 23:51,
9/8/2021 6:15,
9/8/2021 12:18,
9/8/2021 18:22,
9/9/2021 0:27,
9/9/2021 6:51,1.7
9/9/2021 12:57,
9/9/2021 19:03,1.5
9/10/2021 1:05,0.2
9/10/2021 7:30,1.7
9/10/2021 13:38,
9/10/2021 19:47,1.5
9/11/2021 1:45,
9/11/2021 8:11,1.6
9/11/2021 14:23,0.4
9/11/2021 20:35,1.4
9/12/2021 2:29,
9/12/2021 8:56,
9/12/2021 15:14,0.4
9/12/2021 21:32,
9/13/2021 3:20,
9/13/2021 9:50,1.4
9/13/2021 16:17,
9/13/2021 22:46,
9/14/2021 4:27,
9/14/2021 10:59,1.3
9/14/2021 17:39,
9/15/2021 0:19,
9/15/2021 6:03,
9/15/2021 12:25,
9/15/2021 19:10,0.5
9/16/2021 1:53,
9/16/2021 7:46,0.7
9/16/2021 13:51,
9/16/2021 20:25,0.5
9/17/2021 3:02,
9/17/2021 9:00,
9/17/2021 14:59,
9/17/2021 21:20,
9/18/2021 3:54,
9/18/2021 9:52,
9/18/2021 15:51,
9/18/2021 22:04,
9/19/2021 4:35,1.5
9/19/2021 10:33,0.5
9/19/2021 16:34,
9/19/2021 22:41,0.3
9/20/2021 5:10,
9/20/2021 11:09,
9/20/2021 17:12,1.5
9/20/2021 23:15,0.3
9/21/2021 5:43,
9/21/2021 11:42,
9/21/2021 17:47,
9/21/2021 23:47,0.3
9/22/2021 6:12,1.6
9/22/2021 12:13,
9/22/2021 18:20,
9/23/2021 0:17,0.3
9/23/2021 6:40,
9/23/2021 12:44,
9/23/2021 18:52,1.5
9/24/2021 0:48,
9/24/2021 7:07,1.6
9/24/2021 13:15,0.4
9/24/2021 19:24,
9/25/2021 1:18,0.5
9/25/2021 7:35,
9/25/2021 13:48,
9/25/2021 19:58,
9/26/2021 1:49,
9/26/2021 8:03,
9/26/2021 14:24,0.5
9/26/2021 20:36,1.3
9/27/2021 2:23,0.6
9/27/2021 8:34,1.4
9/27/2021 15:05,
9/27/2021 21:24,1.2
9/28/2021 3:03,
9/28/2021 9:15,1.3
9/28/2021 15:58,
9/28/2021 22:30,
9/29/2021 4:01,0.8
9/29/2021 10:14,
9/29/2021 17:14,
9/30/2021 0:06,
9/30/2021 5:43,
9/30/2021 11:43,
9/30/2021 18:45,0.7
10/1/2021 1:36,
10/1/2021 7:29,0.8
10/1/2021 13:17,1.2
10/1/2021 19:56,
10/2/2021 2:35,1.3
10/2/2021 8:35,
10/2/2021 14:25,
10/2/2021 20:48,0.5
10/3/2021 3:17,
10/3/2021 9:21,0.6
10/3/2021 15:17,
10/3/2021 21:30,0.4
10/4/2021 3:54,
10/4/2021 10:01,0.5
10/4/2021 16:01,
10/4/2021 22:09,
10/5/2021 4:31,1.6
10/5/2021 10:39,
10/5/2021 16:43,
10/5/2021 22:46,
10/6/2021 5:07,
10/6/2021 11:17,0.3
10/6/2021 17:24,1.6
10/6/2021 23:24,
10/7/2021 5:44,1.8
10/7/2021 11:56,
10/7/2021 18:05,
10/8/2021 0:03,0.3
10/8/2021 6:22,
10/8/2021 12:35,0.2
10/8/2021 18:48,
10/9/2021 0:43,
10/9/2021 7:01,
10/9/2021 13:17,
10/9/2021 19:35,
10/10/2021 1:25,
10/10/2021 7:43,
10/10/2021 14:02,
10/10/2021 20:26,
10/11/2021 2:12,
10/11/2021 8:30,1.5
10/11/2021 14:53,
10/11/2021 21:26,1.4
10/12/2021 3:08,0.7
10/12/2021 9:26,1.4
10/12/2021 15:55,0.5
10/12/2021 22:43,
10/13/2021 4:25,
10/13/2021 10:41,1.3
10/13/2021 17:17,
10/14/2021 0:16,1.3
10/14/2021 6:16,
10/14/2021 12:15,
10/14/2021 18:49,0.6
10/15/2021 1:42,1.4
10/15/2021 7:55,
10/15/2021 13:43,
10/15/2021 20:03,
10/16/2021 2:44,
10/16/2021 8:57,0.7
10/16/2021 14:49,1.3
10/16/2021 20:56,
10/17/2021 3:30,
10/17/2021 9:41,
10/17/2021 15:38,
10/17/2021 21:38,
10/18/2021 4:08,
10/18/2021 10:16,0.5
10/18/2021 16:18,
10/18/2021 22:13,0.4
10/19/2021 4:40,
10/19/2021 10:47,
10/19/2021 16:54,
10/19/2021 22:46,
10/20/2021 5:09,
10/20/2021 11:17,
10/20/2021 17:26,1.5
10/20/2021 23:16,
10/21/2021 5:35,1.6
10/21/2021 11:46,
10/21/2021 17:58,
10/21/2021 23:46,
10/22/2021 6:01,
10/22/2021 12:15,
10/22/2021 18:29,
10/23/2021 0:16,0.5
10/23/2021 6:27,
10/23/2021 12:45,0.4
10/23/2021 19:01,
10/24/2021 0:47,0.6
10/24/2021 6:53,1.5
10/24/2021 13:17,0.4
10/24/2021 19:35,
10/25/2021 1:18,
10/25/2021 7:21,
10/25/2021 13:50,0.4
10/25/2021 20:14,
10/26/2021 1:53,
10/26/2021 7:53,1.4
10/26/2021 14:29,0.5
10/26/2021 21:01,
10/27/2021 2:36,
10/27/2021 8:33,1.3
10/27/2021 15:16,
10/27/2021 22:02,
10/28/2021 3:36,
10/28/2021 9:30,
10/28/2021 16:20,
10/28/2021 23:22,
10/29/2021 5:12,
10/29/2021 10:57,
10/29/2021 17:43,0.7
10/30/2021 0:42,
10/30/2021 6:55,0.8
10/30/2021 12:33,
10/30/2021 19:00,0.6
10/31/2021 1:44,
10/31/2021 8:02,0.7
10/31/2021 13:49,
10/31/2021 20:00,0.6
11/1/2021 2:32,
11/1/2021 8:51,
11/1/2021 14:46,
11/1/2021 20:49,
11/2/2021 3:15,
11/2/2021 9:34,
11/2/2021 15:36,1.5
11/2/2021 21:34,0.4
11/3/2021 3:55,1.7
11/3/2021 10:14,
11/3/2021 16:21,
11/3/2021 22:16,
11/4/2021 4:35,
11/4/2021 10:54,
11/4/2021 17:06,
11/4/2021 22:58,
11/5/2021 5:15,1.8
11/5/2021 11:35,0.2
11/5/2021 17:51,1.7
11/5/2021 23:41,0.4
11/6/2021 5:56,
11/6/2021 12:17,
11/6/2021 18:37,1.6
11/7/2021 0:25,
11/7/2021 6:39,
11/7/2021 13:00,
11/7/2021 19:27,
11/8/2021 1:11,0.5
11/8/2021 7:23,
11/8/2021 13:46,
11/8/2021 20:21,
11/9/2021 2:03,
11/9/2021 8:12,
11/9/2021 14:37,
11/9/2021 21:23,1.5
11/10/2021 3:03,
11/10/2021 9:10,1.4
11/10/2021 15:37,
11/10/2021 22:36,
11/11/2021 4:25,
11/11/2021 10:23,1.3
11/11/2021 16:50,
11/11/2021 23:57,
11/12/2021 6:10,
11/12/2021 11:53,
11/12/2021 18:12,
11/13/2021 1:12,
11/13/2021 7:38,
11/13/2021 13:18,
11/13/2021 19:24,
11/14/2021 2:10,
11/14/2021 8:36,0.7
11/14/2021 14:25,
11/14/2021 20:20,
11/15/2021 2:56,
11/15/2021 9:18,
11/15/2021 15:16,
11/15/2021 21:04,
11/16/2021 3:33,
11/16/2021 9:52,
11/16/2021 15:58,
11/16/2021 21:41,
11/17/2021 4:05,
11/17/2021 10:23,
11/17/2021 16:34,1.4
11/17/2021 22:15,
11/18/2021 4:34,
11/18/2021 10:52,0.4
11/18/2021 17:08,1.5
11/18/2021 22:48,
11/19/2021 5:01,
11/19/2021 11:22,
11/19/2021 17:40,
11/19/2021 23:20,
11/20/2021 5:28,
11/20/2021 11:51,
11/20/2021 18:13,
11/20/2021 23:52,0.6
11/21/2021 5:55,
11/21/2021 12:22,
11/21/2021 18:46,
11/22/2021 0:24,
11/22/2021 6:24,1.6
11/22/2021 12:54,0.4
11/22/2021 19:22,1.4
11/23/2021 0:59,
11/23/2021 6:55,1.5
11/23/2021 13:29,0.4
11/23/2021 20:01,
11/24/2021 1:37,
11/24/2021 7:30,1.4
11/24/2021 14:06,0.5
11/24/2021 20:45,1.4
11/25/2021 2:22,
11/25/2021 8:12,
11/25/2021 14:50,
11/25/2021 21:38,1.4
11/26/2021 3:21,
11/26/2021 9:07,
11/26/2021 15:42,0.6
11/26/2021 22:41,
11/27/2021 4:39,
11/27/2021 10:20,1.2
11/27/2021 16:47,
11/27/2021 23:47,1.4
11/28/2021 6:06,0.8
11/28/2021 11:45,1.2
11/28/2021 17:59,
11/29/2021 0:50,1.5
11/29/2021 7:19,0.7
11/29/2021 13:05,
11/29/2021 19:07,
11/30/2021 1:45,1.6
11/30/2021 8:16,
11/30/2021 14:13,1.4
11/30/2021 20:07,0.5
12/1/2021 2:35,
12/1/2021 9:05,
12/1/2021 15:10,
12/1/2021 21:00,
12/2/2021 3:22,
12/2/2021 9:51,
12/2/2021 16:02,1.5
12/2/2021 21:50,
12/3/2021 4:08,
12/3/2021 10:35,
12/3/2021 16:52,1.6
12/3/2021 22:38,
12/4/2021 4:53,
12/4/2021 11:18,
12/4/2021 17:41,1.6
12/4/2021 23:26,
12/5/2021 5:37,
12/5/2021 12:02,
12/5/2021 18:30,
12/6/2021 0:14,
12/6/2021 6:23,
12/6/2021 12:47,0.2
12/6/2021 19:21,
12/7/2021 1:03,
12/7/2021 7:10,
12/7/2021 13:33,
12/7/2021 20:14,1.6
12/8/2021 1:57,
12/8/2021 7:59,
12/8/2021 14:22,0.3
12/8/2021 21:11,
12/9/2021 2:57,
12/9/2021 8:54,
12/9/2021 15:15,0.4
12/9/2021 22:13,1.5
12/10/2021 4:07,
12/10/2021 9:57,1.3
12/10/2021 16:14,0.5
12/10/2021 23:18,
12/11/2021 5:31,
12/11/2021 11:12,
12/11/2021 17:20,0.6
12/12/2021 0:23,1.5
12/12/2021 6:53,0.8
12/12/2021 12:33,
12/12/2021 18:28,
12/13/2021 1:22,1.5
12/13/2021 7:57,
12/13/2021 13:46,
12/13/2021 19:30,0.7
12/14/2021 2:11,
12/14/2021 8:45,
12/14/2021 14:46,
12/14/2021 20:22,0.7
12/15/2021 2:53,
12/15/2021 9:24,0.6
12/15/2021 15:34,
12/15/2021 21:07,
12/16/2021 3:29,
12/16/2021 9:58,
12/16/2021 16:16,
12/16/2021 21:47,
12/17/2021 4:01,
12/17/2021 10:30,
12/17/2021 16:53,1.4
12/17/2021 22:24,0.7
12/18/2021 4:32,
12/18/2021 11:02,0.4
12/18/2021 17:28,
12/18/2021 23:00,
12/19/2021 5:03,1.6
12/19/2021 11:34,0.4
12/19/2021 18:02,1.5
12/19/2021 23:36,
12/20/2021 5:35,
12/20/2021 12:06,0.3
12/20/2021 18:36,1.5
12/21/2021 0:11,
12/21/2021 6:08,1.6
12/21/2021 12:39,
12/21/2021 19:11,
12/22/2021 0:49,
12/22/2021 6:42,1.5
12/22/2021 13:13,
12/22/2021 19:48,
12/23/2021 1:28,
12/23/2021 7:19,1.5
12/23/2021 13:49,0.4
12/23/2021 20:27,
12/24/2021 2:12,0.8
12/24/2021 8:01,
12/24/2021 14:28,0.5
12/24/2021 21:12,
12/25/2021 3:03,
12/25/2021 8:51,1.4
12/25/2021 15:12,0.5
12/25/2021 22:02,1.5
12/26/2021 4:05,0.8
12/26/2021 9:51,1.3
12/26/2021 16:04,
12/26/2021 22:58,1.5
12/27/2021 5:16,
12/27/2021 11:03,
12/27/2021 17:07,0.6
12/27/2021 23:58,1.5
12/28/2021 6:31,
12/28/2021 12:22,
12/28/2021 18:17,
12/29/2021 1:00,
12/29/2021 7:39,0.6
12/29/2021 13:40,1.3
12/29/2021 19:27,
12/30/2021 1:59,
12/30/2021 8:38,
12/30/2021 14:48,1.4
12/30/2021 20:32,
12/31/2021 2:55,
12/31/2021 9:31,
12/31/2021 15:49,
12/31/2021 21:31,0.6
1/1/2022 3:47,
1/1/2022 10:20,0.3
1/1/2022 16:45,
1/1/2022 22:27,
1/2/2022 4:38,
1/2/2022 11:07,
1/2/2022 17:37,1.6
1/2/2022 23:19,
1/3/2022 5:27,
1/3/2022 11:52,
1/3/2022 18:26,
1/4/2022 0:09,0.6
1/4/2022 6:14,
1/4/2022 12:37,
1/4/2022 19:14,
1/5/2022 0:59,0.6
1/5/2022 7:01,
1/5/2022 13:20,
1/5/2022 20:02,1.7
1/6/2022 1:48,
1/6/2022 7:47,
1/6/2022 14:04,
1/6/2022 20:49,1.6
1/7/2022 2:40,
1/7/2022 8:35,
1/7/2022 14:47,0.4
1/7/2022 21:37,
1/8/2022 3:34,0.7
1/8/2022 9:25,1.4
1/8/2022 15:33,
1/8/2022 22:27,
1/9/2022 4:35,0.8
1/9/2022 10:22,1.3
1/9/2022 16:22,
1/9/2022 23:19,
1/10/2022 5:42,
1/10/2022 11:29,1.2
1/10/2022 17:17,0.7
1/11/2022 0:13,
1/11/2022 6:52,0.7
1/11/2022 12:47,1.2
1/11/2022 18:21,0.8
1/12/2022 1:08,
1/12/2022 7:55,
1/12/2022 14:05,
1/12/2022 19:28,
1/13/2022 2:00,
1/13/2022 8:47,0.6
1/13/2022 15:10,
1/13/2022 20:29,
1/14/2022 2:48,1.4
1/14/2022 9:31,0.6
1/14/2022 16:00,1.3
1/14/2022 21:22,0.8
1/15/2022 3:30,
1/15/2022 10:09,
1/15/2022 16:41,
1/15/2022 22:07,
1/16/2022 4:10,
1/16/2022 10:45,0.4
1/16/2022 17:17,
1/16/2022 22:47,
1/17/2022 4:46,
1/17/2022 11:19,
1/17/2022 17:50,1.5
1/17/2022 23:25,
1/18/2022 5:22,
1/18/2022 11:51,
1/18/2022 18:22,
1/19/2022 0:02,
1/19/2022 5:57,
1/19/2022 12:23,
1/19/2022 18:54,
1/20/2022 0:38,
1/20/2022 6:33,
1/20/2022 12:56,
1/20/2022 19:27,
1/21/2022 1:16,0.6
1/21/2022 7:09,
1/21/2022 13:29,0.3
1/21/2022 20:02,1.6
1/22/2022 1:56,
1/22/2022 7:49,
1/22/2022 14:04,0.4
1/22/2022 20:40,
1/23/2022 2:40,
1/23/2022 8:33,
1/23/2022 14:43,
1/23/2022 21:23,
1/24/2022 3:30,
1/24/2022 9:24,1.4
1/24/2022 15:27,
1/24/2022 22:12,
1/25/2022 4:30,
1/25/2022 10:26,1.3
1/25/2022 16:22,
1/25/2022 23:09,1.5
1/26/2022 5:42,
1/26/2022 11:45,
1/26/2022 17:31,
1/27/2022 0:15,
1/27/2022 7:02,
1/27/2022 13:14,1.3
1/27/2022 18:54,
1/28/2022 1:27,
1/28/2022 8:15,
1/28/2022 14:38,
1/28/2022 20:17,
1/29/2022 2:37,
1/29/2022 9:18,0.4
1/29/2022 15:46,
1/29/2022 21:27,0.7
1/30/2022 3:38,
1/30/2022 10:11,0.3
1/30/2022 16:42,
1/30/2022 22:25,
1/31/2022 4:32,1.6
1/31/2022 10:58,
1/31/2022 17:30,
1/31/2022 23:17,
2/1/2022 5:21,
2/1/2022 11:41,
2/1/2022 18:15,
2/2/2022 0:03,
2/2/2022 6:06,
2/2/2022 12:22,0.2
2/2/2022 18:57,1.7
2/3/2022 0:47,
2/3/2022 6:48,1.6
2/3/2022 13:01,
2/3/2022 19:36,
2/4/2022 1:29,0.5
2/4/2022 7:29,1.6
2/4/2022 13:38,
2/4/2022 20:15,
2/5/2022 2:10,
2/5/2022 8:06,1.5
2/5/2022 14:14,0.4
2/5/2022 20:53,
2/6/2022 2:52,
2/6/2022 8:50,1.4
2/6/2022 14:51,
2/6/2022 21:31,
2/7/2022 3:37,
2/7/2022 9:33,1.3
2/7/2022 15:29,0.6
2/7/2022 22:10,
2/8/2022 4:29,
2/8/2022 10:26,
2/8/2022 16:13,0.7
2/8/2022 22:56,
2/9/2022 5:33,
2/9/2022 11:38,1.1
2/9/2022 17:10,
2/9/2022 23:53,
2/10/2022 6:51,
2/10/2022 13:16,
2/10/2022 18:32,
2/11/2022 1:02,
2/11/2022 8:06,
2/11/2022 14:45,
2/11/2022 20:00,
2/12/2022 2:11,
2/12/2022 9:03,0.6
2/12/2022 15:44,
2/12/2022 21:07,
2/13/2022 3:08,1.4
2/13/2022 9:48,
2/13/2022 16:24,
2/13/2022 21:56,
2/14/2022 3:54,1.4
2/14/2022 10:25,
2/14/2022 16:58,1.4
2/14/2022 22:37,
2/15/2022 4:34,1.5
2/15/2022 10:59,
2/15/2022 17:28,
2/15/2022 23:13,
2/16/2022 5:10,
2/16/2022 11:31,
2/16/2022 17:58,
2/16/2022 23:48,
2/17/2022 5:46,1.6
2/17/2022 12:02,
2/17/2022 18:28,
2/18/2022 0:23,
2/18/2022 6:21,
2/18/2022 12:34,
2/18/2022 19:00,
2/19/2022 0:58,
2/19/2022 6:57,
2/19/2022 13:06,
2/19/2022 19:33,
2/20/2022 1:35,0.5
2/20/2022 7:36,
2/20/2022 13:41,0.3
2/20/2022 20:09,
2/21/2022 2:16,
2/21/2022 8:18,1.5
2/21/2022 14:19,
2/21/2022 20:49,1.6
2/22/2022 3:02,
2/22/2022 9:06,1.4
2/22/2022 15:01,
2/22/2022 21:35,1.6
2/23/2022 3:56,
2/23/2022 10:05,
2/23/2022 15:54,
2/23/2022 22:31,
2/24/2022 5:05,
2/24/2022 11:25,
2/24/2022 17:06,
2/24/2022 23:44,1.4
2/25/2022 6:33,
2/25/2022 13:05,
2/25/2022 18:45,
2/26/2022 1:11,
2/26/2022 8:00,
2/26/2022 14:36,
2/26/2022 20:22,0.8
2/27/2022 2:31,1.4
2/27/2022 9:07,0.4
2/27/2022 15:42,1.4
2/27/2022 21:32,
2/28/2022 3:35,
2/28/2022 10:00,
2/28/2022 16:33,1.5
2/28/2022 22:25,
3/1/2022 4:27,
3/1/2022 10:44,
3/1/2022 17:16,1.6
3/1/2022 23:10,
3/2/2022 5:12,
3/2/2022 11:24,
3/2/2022 17:54,
3/2/2022 23:50,
3/3/2022 5:53,
3/3/2022 12:00,
3/3/2022 18:30,
3/4/2022 0:27,
3/4/2022 6:31,
3/4/2022 12:35,
3/4/2022 19:03,
3/5/2022 1:02,
3/5/2022 7:07,
3/5/2022 13:07,
3/5/2022 19:35,
3/6/2022 1:37,
3/6/2022 7:42,
3/6/2022 13:39,
3/6/2022 20:06,
3/7/2022 2:12,0.5
3/7/2022 8:17,
3/7/2022 14:12,
3/7/2022 20:36,
3/8/2022 2:48,0.5
3/8/2022 8:55,1.3
3/8/2022 14:45,
3/8/2022 21:08,
3/9/2022 3:30,
3/9/2022 9:39,
3/9/2022 15:23,
3/9/2022 21:45,
3/10/2022 4:22,
3/10/2022 10:42,1.1
3/10/2022 16:13,
3/10/2022 22:36,1.3
3/11/2022 5:37,0.7
3/11/2022 12:20,
3/11/2022 17:40,
3/11/2022 23:55,
3/12/2022 7:12,
3/12/2022 14:08,
3/12/2022 19:36,
3/13/2022 1:31,
3/13/2022 8:25,
3/13/2022 15:12,
3/13/2022 20:51,0.8
3/14/2022 2:42,
3/14/2022 9:15,
3/14/2022 15:52,
3/14/2022 21:39,
3/15/2022 3:33,
3/15/2022 9:55,
3/15/2022 16:24,
3/15/2022 22:17,
3/16/2022 4:14,
3/16/2022 10:29,
3/16/2022 16:54,
3/16/2022 22:52,0.5
3/17/2022 4:52,1.5
3/17/2022 11:02,
3/17/2022 17:25,1.6
3/17/2022 23:26,
3/18/2022 5:28,
3/18/2022 11:35,
3/18/2022 17:56,
3/19/2022 0:01,
3/19/2022 6:05,
3/19/2022 12:08,0.3
3/19/2022 18:29,
3/20/2022 0:37,
3/20/2022 6:43,
3/20/2022 12:43,0.3
3/20/2022 19:03,
3/21/2022 1:14,
3/21/2022 7:23,
3/21/2022 13:19,
3/21/2022 19:40,1.7
3/22/2022 1:54,
3/22/2022 8:06,
3/22/2022 13:59,
3/22/2022 20:21,
3/23/2022 2:39,
3/23/2022 8:56,
3/23/2022 14:44,
3/23/2022 21:07,1.5
3/24/2022 3:32,
3/24/2022 9:59,
3/24/2022 15:41,
3/24/2022 22:06,
3/25/2022 4:41,0.5
3/25/2022 11:26,
3/25/2022 17:04,0.8
3/25/2022 23:28,
3/26/2022 6:13,
3/26/2022 13:05,1.2
3/26/2022 19:00,
3/27/2022 1:05,1.3
3/27/2022 7:44,0.5
3/27/2022 14:29,
3/27/2022 20:32,
3/28/2022 2:27,1.3
3/28/2022 8:51,
3/28/2022 15:27,1.4
3/28/2022 21:32,0.6
3/29/2022 3:29,
3/29/2022 9:41,
3/29/2022 16:13,
3/29/2022 22:17,0.5
3/30/2022 4:17,
3/30/2022 10:22,
3/30/2022 16:51,
3/30/2022 22:55,
3/31/2022 4:58,1.5
3/31/2022 10:59,
3/31/2022 17:25,
3/31/2022 23:29,
4/1/2022 5:35,
4/1/2022 11:34,
4/1/2022 17:57,1.7
4/2/2022 0:01,0.3
4/2/2022 6:10,
4/2/2022 12:04,0.3
4/2/2022 18:26,
4/3/2022 0:33,
4/3/2022 6:43,
4/3/2022 12:35,
4/3/2022 18:54,
4/4/2022 1:04,
4/4/2022 7:16,
4/4/2022 13:06,
4/4/2022 19:21,
4/5/2022 1:36,
4/5/2022 7:50,
4/5/2022 13:38,
4/5/2022 19:49,
4/6/2022 2:10,
4/6/2022 8:27,1.3
4/6/2022 14:11,
4/6/2022 20:18,
4/7/2022 2:48,
4/7/2022 9:11,
4/7/2022 14:48,
4/7/2022 20:52,
4/8/2022 3:34,
4/8/2022 10:08,
4/8/2022 15:39,
4/8/2022 21:40,
4/9/2022 4:37,
4/9/2022 11:34,1.1
4/9/2022 17:06,
4/9/2022 22:58,1.1
4/10/2022 6:05,
4/10/2022 13:11,
4/10/2022 19:05,0.9
4/11/2022 0:43,
4/11/2022 7:28,
4/11/2022 14:17,1.2
4/11/2022 20:21,
4/12/2022 2:04,1.2
4/12/2022 8:27,
4/12/2022 15:02,
4/12/2022 21:09,
4/13/2022 3:00,1.3
4/13/2022 9:12,
4/13/2022 15:35,1.4
4/13/2022 21:48,
4/14/2022 3:46,
4/14/2022 9:50,
4/14/2022 16:13,
4/14/2022 22:25,0.4
4/15/2022 4:27,
4/15/2022 10:27,0.3
4/15/2022 16:47,
4/15/2022 23:00,0.3
4/16/2022 5:06,
4/16/2022 11:04,
4/16/2022 17:22,
4/16/2022 23:37,
4/17/2022 5:47,
4/17/2022 11:41,
4/17/2022 17:58,1.7
4/18/2022 0:15,
4/18/2022 6:28,
4/18/2022 12:20,
4/18/2022 18:36,
4/19/2022 0:54,0.2
4/19/2022 7:12,1.5
4/19/2022 13:01,
4/19/2022 19:16,
4/20/2022 1:37,
4/20/2022 8:00,
4/20/2022 13:46,
4/20/2022 20:00,
4/21/2022 2:24,
4/21/2022 8:56,
4/21/2022 14:38,
4/21/2022 20:51,
4/22/2022 3:19,0.4
4/22/2022 10:03,
4/22/2022 15:44,
4/22/2022 21:55,
4/23/2022 4:28,
4/23/2022 11:26,1.3
4/23/2022 17:20,
4/23/2022 23:21,
4/24/2022 5:54,
4/24/2022 12:54,
4/24/2022 19:08,
4/25/2022 0:55,
4/25/2022 7:17,
4/25/2022 14:06,1.4
4/25/2022 20:25,
4/26/2022 2:13,
4/26/2022 8:22,
4/26/2022 15:00,1.5
4/26/2022 21:17,
4/27/2022 3:12,
4/27/2022 9:11,0.4
4/27/2022 15:43,
4/27/2022 21:58,
4/28/2022 3:59,
4/28/2022 9:52,
4/28/2022 16:19,1.6
4/28/2022 22:32,
4/29/2022 4:39,
4/29/2022 10:28,
4/29/2022 16:51,1.6
4/29/2022 23:04,0.3
4/30/2022 5:15,
4/30/2022 11:01,
4/30/2022 17:21,1.6
4/30/2022 23:34,
