Date_Time,Water_Level,Water_Level_L
1/1/2020 3:11,0.8,0.8
1/1/2020 8:53,1.3,1.3
1/1/2020 15:15,0.5,0.5
1/1/2020 22:07,1.4,1.4
1/2/2020 4:07,0.8,0.8
1/2/2020 9:44,,0.7
1/2/2020 16:01,0.6,0.6
1/2/2020 22:56,1.4,1.4
1/3/2020 5:13,0.8,0.8
1/3/2020 10:49,1.2,1.2
1/3/2020 16:55,,1.3
1/3/2020 23:49,1.4,1.4
1/4/2020 6:25,,1.166666667
1/4/2020 12:06,,0.933333333
1/4/2020 17:59,0.7,0.7
1/5/2020 0:43,1.4,1.4
1/5/2020 7:30,0.7,0.7
1/5/2020 13:23,1.2,1.2
1/5/2020 19:05,0.8,0.8
1/6/2020 1:36,1.5,1.5
1/6/2020 8:25,0.6,0.6
1/6/2020 14:30,,0.575
1/6/2020 20:06,,0.55
1/7/2020 2:26,,0.525
1/7/2020 9:11,0.5,0.5
1/7/2020 15:25,1.3,1.3
1/7/2020 21:00,0.7,0.7
1/8/2020 3:13,1.6,1.6
1/8/2020 9:53,0.4,0.4
1/8/2020 16:12,,0.55
1/8/2020 21:50,0.7,0.7
1/9/2020 3:58,,0.5
1/9/2020 10:33,0.3,0.3
1/9/2020 16:56,1.5,1.5
1/9/2020 22:37,0.6,0.6
1/10/2020 4:42,,0.45
1/10/2020 11:13,0.3,0.3
1/10/2020 17:39,1.6,1.6
1/10/2020 23:22,0.6,0.6
1/11/2020 5:26,1.7,1.7
1/11/2020 11:53,0.2,0.2
1/11/2020 18:22,1.6,1.6
1/12/2020 0:08,,1.65
1/12/2020 6:11,1.7,1.7
1/12/2020 12:34,0.2,0.2
1/12/2020 19:06,,0.35
1/13/2020 0:54,0.5,0.5
1/13/2020 6:56,,0.35
1/13/2020 13:16,0.2,0.2
1/13/2020 19:52,1.7,1.7
1/14/2020 1:43,0.6,0.6
1/14/2020 7:44,1.6,1.6
1/14/2020 14:00,0.3,0.3
1/14/2020 20:39,1.7,1.7
1/15/2020 2:35,,1.6
1/15/2020 8:35,1.5,1.5
1/15/2020 14:46,0.3,0.3
1/15/2020 21:30,1.6,1.6
1/16/2020 3:33,0.6,0.6
1/16/2020 9:31,1.4,1.4
1/16/2020 15:37,0.4,0.4
1/16/2020 22:26,1.6,1.6
1/17/2020 4:39,0.7,0.7
1/17/2020 10:36,1.3,1.3
1/17/2020 16:35,,1.45
1/17/2020 23:26,1.6,1.6
1/18/2020 5:53,0.7,0.7
1/18/2020 11:53,1.3,1.3
1/18/2020 17:42,0.6,0.6
1/19/2020 0:31,1.5,1.5
1/19/2020 7:11,0.6,0.6
1/19/2020 13:17,1.3,1.3
1/19/2020 18:58,0.7,0.7
1/20/2020 1:36,1.5,1.5
1/20/2020 8:19,0.6,0.6
1/20/2020 14:35,1.3,1.3
1/20/2020 20:11,0.7,0.7
1/21/2020 2:36,1.5,1.5
1/21/2020 9:15,0.5,0.5
1/21/2020 15:39,1.4,1.4
1/21/2020 21:13,0.7,0.7
1/22/2020 3:29,,0.55
1/22/2020 10:02,0.4,0.4
1/22/2020 16:31,1.4,1.4
1/22/2020 22:05,0.7,0.7
1/23/2020 4:15,1.6,1.6
1/23/2020 10:42,,1.55
1/23/2020 17:14,1.5,1.5
1/23/2020 22:50,0.7,0.7
1/24/2020 4:56,1.6,1.6
1/24/2020 11:18,0.3,0.3
1/24/2020 17:53,1.5,1.5
1/24/2020 23:30,0.7,0.7
1/25/2020 5:33,,0.5
1/25/2020 11:52,0.3,0.3
1/25/2020 18:28,1.6,1.6
1/26/2020 0:07,0.6,0.6
1/26/2020 6:07,1.6,1.6
1/26/2020 12:25,0.3,0.3
1/26/2020 19:01,1.6,1.6
1/27/2020 0:43,0.6,0.6
1/27/2020 6:40,,0.45
1/27/2020 12:58,0.3,0.3
1/27/2020 19:33,,0.7
1/28/2020 1:19,,1.1
1/28/2020 7:13,1.5,1.5
1/28/2020 13:30,0.4,0.4
1/28/2020 20:05,,0.4
1/29/2020 1:55,,0.4
1/29/2020 7:47,,0.4
1/29/2020 14:03,0.4,0.4
1/29/2020 20:37,,0.55
1/30/2020 2:34,0.7,0.7
1/30/2020 8:23,,0.6
1/30/2020 14:36,0.5,0.5
1/30/2020 21:12,1.5,1.5
1/31/2020 3:16,,1.4
1/31/2020 9:04,1.3,1.3
1/31/2020 15:12,0.6,0.6
1/31/2020 21:49,1.5,1.5
2/1/2020 4:05,0.7,0.7
2/1/2020 9:53,1.2,1.2
2/1/2020 15:53,0.7,0.7
2/1/2020 22:34,1.4,1.4
2/2/2020 5:06,,1.3
2/2/2020 10:56,1.2,1.2
2/2/2020 16:46,0.7,0.7
2/2/2020 23:30,1.4,1.4
2/3/2020 6:19,0.7,0.7
2/3/2020 12:19,1.2,1.2
2/3/2020 17:59,,1.3
2/4/2020 0:35,1.4,1.4
2/4/2020 7:33,0.7,0.7
2/4/2020 13:46,1.2,1.2
2/4/2020 19:22,0.8,0.8
2/5/2020 1:43,1.4,1.4
2/5/2020 8:36,0.6,0.6
2/5/2020 14:57,1.3,1.3
2/5/2020 20:34,,1.4
2/6/2020 2:46,1.5,1.5
2/6/2020 9:27,,1.45
2/6/2020 15:52,1.4,1.4
2/6/2020 21:34,0.7,0.7
2/7/2020 3:40,,0.55
2/7/2020 10:13,0.4,0.4
2/7/2020 16:39,1.5,1.5
2/7/2020 22:26,,1.1
2/8/2020 4:30,,0.7
2/8/2020 10:56,0.3,0.3
2/8/2020 17:23,1.6,1.6
2/8/2020 23:13,0.5,0.5
2/9/2020 5:17,1.7,1.7
2/9/2020 11:38,,1.4
2/9/2020 18:06,,1.1
2/9/2020 23:59,,0.8
2/10/2020 6:03,,0.5
2/10/2020 12:19,0.2,0.2
2/10/2020 18:48,,0.3
2/11/2020 0:44,0.4,0.4
2/11/2020 6:48,1.7,1.7
2/11/2020 13:00,0.2,0.2
2/11/2020 19:32,1.8,1.8
2/12/2020 1:30,,1.7
2/12/2020 7:34,1.6,1.6
2/12/2020 13:42,,1.65
2/12/2020 20:15,1.7,1.7
2/13/2020 2:17,0.5,0.5
2/13/2020 8:22,,0.4
2/13/2020 14:25,0.3,0.3
2/13/2020 21:01,1.7,1.7
2/14/2020 3:08,,1.6
2/14/2020 9:13,1.5,1.5
2/14/2020 15:12,,1.45
2/14/2020 21:50,,1.4
2/15/2020 4:04,,1.35
2/15/2020 10:12,1.3,1.3
2/15/2020 16:04,0.6,0.6
2/15/2020 22:46,1.5,1.5
2/16/2020 5:12,0.6,0.6
2/16/2020 11:26,,0.65
2/16/2020 17:09,0.7,0.7
2/16/2020 23:52,1.4,1.4
2/17/2020 6:34,0.6,0.6
2/17/2020 12:57,1.2,1.2
2/17/2020 18:33,0.8,0.8
2/18/2020 1:07,1.4,1.4
2/18/2020 7:56,0.6,0.6
2/18/2020 14:27,1.2,1.2
2/18/2020 20:03,0.8,0.8
2/19/2020 2:20,1.4,1.4
2/19/2020 9:00,0.6,0.6
2/19/2020 15:34,,0.7
2/19/2020 21:13,0.8,0.8
2/20/2020 3:19,1.4,1.4
2/20/2020 9:48,0.5,0.5
2/20/2020 16:23,1.4,1.4
2/20/2020 22:04,,1.4
2/21/2020 4:07,1.4,1.4
2/21/2020 10:27,,1.45
2/21/2020 17:02,1.5,1.5
2/21/2020 22:44,0.7,0.7
2/22/2020 4:46,1.5,1.5
2/22/2020 11:01,0.4,0.4
2/22/2020 17:35,1.5,1.5
2/22/2020 23:19,0.6,0.6
2/23/2020 5:20,1.5,1.5
2/23/2020 11:33,0.3,0.3
2/23/2020 18:05,,0.7
2/23/2020 23:52,,1.1
2/24/2020 5:52,1.5,1.5
2/24/2020 12:03,0.3,0.3
2/24/2020 18:33,1.6,1.6
2/25/2020 0:23,0.5,0.5
2/25/2020 6:23,1.5,1.5
2/25/2020 12:33,0.3,0.3
2/25/2020 19:00,1.6,1.6
2/26/2020 0:54,0.5,0.5
2/26/2020 6:54,,0.45
2/26/2020 13:02,0.4,0.4
2/26/2020 19:27,1.6,1.6
2/27/2020 1:26,0.5,0.5
2/27/2020 7:25,1.5,1.5
2/27/2020 13:31,0.4,0.4
2/27/2020 19:54,1.6,1.6
2/28/2020 1:59,0.5,0.5
2/28/2020 7:57,,0.5
2/28/2020 14:01,0.5,0.5
2/28/2020 20:23,1.5,1.5
2/29/2020 2:34,,1.45
2/29/2020 8:33,1.4,1.4
2/29/2020 14:32,0.5,0.5
2/29/2020 20:56,1.5,1.5
3/1/2020 3:14,,1.4
3/1/2020 9:16,1.3,1.3
3/1/2020 15:09,,1.35
3/1/2020 21:37,1.4,1.4
3/2/2020 4:05,0.6,0.6
3/2/2020 10:12,1.2,1.2
3/2/2020 15:57,0.7,0.7
3/2/2020 22:30,1.4,1.4
3/3/2020 5:13,0.7,0.7
3/3/2020 11:30,1.2,1.2
3/3/2020 17:10,,1.25
3/3/2020 23:42,1.3,1.3
3/4/2020 6:39,0.6,0.6
3/4/2020 13:07,1.2,1.2
3/4/2020 18:50,0.8,0.8
3/5/2020 1:07,,0.7
3/5/2020 7:58,0.6,0.6
3/5/2020 14:28,1.3,1.3
3/5/2020 20:18,0.7,0.7
3/6/2020 2:23,1.4,1.4
3/6/2020 8:59,0.5,0.5
3/6/2020 15:28,1.4,1.4
3/6/2020 21:22,0.6,0.6
3/7/2020 3:25,,0.45
3/7/2020 9:50,0.3,0.3
3/7/2020 16:17,1.5,1.5
3/7/2020 22:14,0.5,0.5
3/8/2020 4:18,1.6,1.6
3/8/2020 10:35,0.2,0.2
3/8/2020 17:01,,0.3
3/8/2020 23:00,0.4,0.4
3/9/2020 5:05,1.7,1.7
3/9/2020 11:17,0.2,0.2
3/9/2020 17:43,1.8,1.8
3/9/2020 23:45,,1.75
3/10/2020 5:51,1.7,1.7
3/10/2020 11:59,0.1,0.1
3/10/2020 18:25,1.8,1.8
3/11/2020 0:27,,1.8
3/11/2020 6:35,,1.8
3/11/2020 12:40,,1.8
3/11/2020 19:06,1.8,1.8
3/12/2020 1:10,,1.7
3/12/2020 7:20,1.6,1.6
3/12/2020 13:21,0.2,0.2
3/12/2020 19:47,1.7,1.7
3/13/2020 1:54,,1.65
3/13/2020 8:06,1.6,1.6
3/13/2020 14:03,0.3,0.3
3/13/2020 20:30,1.7,1.7
3/14/2020 2:40,0.4,0.4
3/14/2020 8:56,1.5,1.5
3/14/2020 14:47,0.5,0.5
3/14/2020 21:15,,0.5
3/15/2020 3:31,0.5,0.5
3/15/2020 9:52,,0.55
3/15/2020 15:37,0.6,0.6
3/15/2020 22:07,,0.6
3/16/2020 4:33,0.6,0.6
3/16/2020 11:04,1.2,1.2
3/16/2020 16:42,,1.2
3/16/2020 23:13,,1.2
3/17/2020 5:52,,1.2
3/17/2020 12:39,1.2,1.2
3/17/2020 18:19,0.8,0.8
3/18/2020 0:38,1.2,1.2
3/18/2020 7:23,0.6,0.6
3/18/2020 14:12,,0.8
3/18/2020 20:02,,1
3/19/2020 2:02,1.2,1.2
3/19/2020 8:34,0.6,0.6
3/19/2020 15:17,1.3,1.3
3/19/2020 21:10,0.8,0.8
3/20/2020 3:06,1.3,1.3
3/20/2020 9:24,0.5,0.5
3/20/2020 16:01,,0.6
3/20/2020 21:55,0.7,0.7
3/21/2020 3:52,1.3,1.3
3/21/2020 10:03,0.5,0.5
3/21/2020 16:36,1.5,1.5
3/21/2020 22:30,,1.45
3/22/2020 4:30,1.4,1.4
3/22/2020 10:36,0.4,0.4
3/22/2020 17:05,1.5,1.5
3/22/2020 23:00,,1.45
3/23/2020 5:03,1.4,1.4
3/23/2020 11:06,,1.45
3/23/2020 17:32,1.5,1.5
3/23/2020 23:30,,1.1
3/24/2020 5:33,,0.7
3/24/2020 11:35,0.3,0.3
3/24/2020 17:58,1.6,1.6
3/24/2020 23:59,,1.55
3/25/2020 6:03,1.5,1.5
3/25/2020 12:04,0.4,0.4
3/25/2020 18:23,1.6,1.6
3/26/2020 0:28,0.4,0.4
3/26/2020 6:33,,0.4
3/26/2020 12:32,0.4,0.4
3/26/2020 18:48,,0.4
3/27/2020 0:58,0.4,0.4
3/27/2020 7:03,1.5,1.5
3/27/2020 13:00,0.4,0.4
3/27/2020 19:14,1.6,1.6
3/28/2020 1:28,,1.5
3/28/2020 7:36,1.4,1.4
3/28/2020 13:30,0.5,0.5
3/28/2020 19:43,,0.45
3/29/2020 2:02,0.4,0.4
3/29/2020 8:11,,0.45
3/29/2020 14:02,0.5,0.5
3/29/2020 20:16,,0.5
3/30/2020 2:39,0.5,0.5
3/30/2020 8:54,,0.55
3/30/2020 14:40,0.6,0.6
3/30/2020 20:56,1.4,1.4
3/31/2020 3:26,0.5,0.5
3/31/2020 9:49,1.2,1.2
3/31/2020 15:32,,1.25
3/31/2020 21:50,1.3,1.3
4/1/2020 4:29,0.6,0.6
4/1/2020 11:06,1.2,1.2
4/1/2020 16:49,0.8,0.8
4/1/2020 23:06,1.3,1.3
4/2/2020 5:53,0.6,0.6
4/2/2020 12:39,1.2,1.2
4/2/2020 18:36,,1.25
4/3/2020 0:40,1.3,1.3
4/3/2020 7:19,0.5,0.5
4/3/2020 13:59,1.3,1.3
4/3/2020 20:04,0.7,0.7
4/4/2020 2:03,1.3,1.3
4/4/2020 8:27,0.4,0.4
4/4/2020 15:00,1.5,1.5
4/4/2020 21:07,,1.28
4/5/2020 3:07,,1.06
4/5/2020 9:22,,0.84
4/5/2020 15:49,,0.62
4/5/2020 21:58,0.4,0.4
4/6/2020 4:01,1.5,1.5
4/6/2020 10:09,0.2,0.2
4/6/2020 16:34,1.7,1.7
4/6/2020 22:43,0.3,0.3
4/7/2020 4:50,1.6,1.6
4/7/2020 10:53,,1.7
4/7/2020 17:16,1.8,1.8
4/7/2020 23:25,0.2,0.2
4/8/2020 5:35,,0.2
4/8/2020 11:35,0.2,0.2
4/8/2020 17:57,1.8,1.8
4/9/2020 0:07,0.2,0.2
4/9/2020 6:20,1.6,1.6
4/9/2020 12:16,0.2,0.2
4/9/2020 18:37,,0.225
4/10/2020 0:49,,0.25
4/10/2020 7:05,,0.275
4/10/2020 12:58,0.3,0.3
4/10/2020 19:18,1.7,1.7
4/11/2020 1:31,0.2,0.2
4/11/2020 7:51,1.5,1.5
4/11/2020 13:40,,1.55
4/11/2020 19:59,1.6,1.6
4/12/2020 2:15,0.3,0.3
4/12/2020 8:40,1.4,1.4
4/12/2020 14:25,0.5,0.5
4/12/2020 20:42,1.5,1.5
4/13/2020 3:02,0.4,0.4
4/13/2020 9:37,1.3,1.3
4/13/2020 15:16,0.7,0.7
4/13/2020 21:31,1.3,1.3
4/14/2020 3:57,0.5,0.5
4/14/2020 10:46,1.2,1.2
4/14/2020 16:24,0.8,0.8
4/14/2020 22:34,1.2,1.2
4/15/2020 5:09,0.6,0.6
4/15/2020 12:14,1.2,1.2
4/15/2020 18:06,0.8,0.8
4/16/2020 0:01,1.1,1.1
4/16/2020 6:36,0.6,0.6
4/16/2020 13:39,1.2,1.2
4/16/2020 19:48,0.8,0.8
4/17/2020 1:31,,0.7
4/17/2020 7:51,0.6,0.6
4/17/2020 14:41,1.3,1.3
4/17/2020 20:50,0.7,0.7
4/18/2020 2:38,1.2,1.2
4/18/2020 8:44,0.5,0.5
4/18/2020 15:24,1.4,1.4
4/18/2020 21:31,0.6,0.6
4/19/2020 3:27,1.2,1.2
4/19/2020 9:25,,0.966666667
4/19/2020 15:58,,0.733333333
4/19/2020 22:04,0.5,0.5
4/20/2020 4:05,1.3,1.3
4/20/2020 10:01,,1.4
4/20/2020 16:26,1.5,1.5
4/20/2020 22:34,0.5,0.5
4/21/2020 4:39,1.4,1.4
4/21/2020 10:32,0.4,0.4
4/21/2020 16:53,1.5,1.5
4/21/2020 23:03,0.4,0.4
4/22/2020 5:11,1.4,1.4
4/22/2020 11:03,0.4,0.4
4/22/2020 17:19,1.5,1.5
4/22/2020 23:32,0.3,0.3
4/23/2020 5:41,1.4,1.4
4/23/2020 11:33,0.4,0.4
4/23/2020 17:45,1.6,1.6
4/24/2020 0:01,0.3,0.3
4/24/2020 6:13,1.4,1.4
4/24/2020 12:02,,1.5
4/24/2020 18:12,1.6,1.6
4/25/2020 0:32,0.3,0.3
4/25/2020 6:45,1.4,1.4
4/25/2020 12:33,,1.45
4/25/2020 18:41,1.5,1.5
4/26/2020 1:03,,1.166666667
4/26/2020 7:19,,0.833333333
4/26/2020 13:05,0.5,0.5
4/26/2020 19:12,,0.8
4/27/2020 1:37,,1.1
4/27/2020 7:58,1.4,1.4
4/27/2020 13:42,,1.066666667
4/27/2020 19:48,,0.733333333
4/28/2020 2:16,0.4,0.4
4/28/2020 8:44,1.3,1.3
4/28/2020 14:26,,1.35
4/28/2020 20:32,1.4,1.4
4/29/2020 3:04,,1.166666667
4/29/2020 9:42,,0.933333333
4/29/2020 15:25,0.7,0.7
4/29/2020 21:29,1.3,1.3
4/30/2020 4:04,,1.1
4/30/2020 10:55,,0.9
4/30/2020 16:47,0.7,0.7
4/30/2020 22:47,1.2,1.2
5/1/2020 5:20,0.5,0.5
5/1/2020 12:15,,0.6
5/1/2020 18:25,0.7,0.7
5/2/2020 0:18,,0.6
5/2/2020 6:42,0.5,0.5
5/2/2020 13:28,,0.55
5/2/2020 19:46,0.6,0.6
5/3/2020 1:40,1.3,1.3
5/3/2020 7:52,0.4,0.4
5/3/2020 14:28,,0.7
5/3/2020 20:47,,1
5/4/2020 2:46,1.3,1.3
5/4/2020 8:50,0.3,0.3
5/4/2020 15:18,,0.3
5/4/2020 21:37,0.3,0.3
5/5/2020 3:43,1.4,1.4
5/5/2020 9:40,0.3,0.3
5/5/2020 16:04,1.7,1.7
5/5/2020 22:22,0.2,0.2
5/6/2020 4:33,1.5,1.5
5/6/2020 10:27,0.3,0.3
5/6/2020 16:48,1.7,1.7
5/6/2020 23:05,0.1,0.1
5/7/2020 5:20,1.5,1.5
5/7/2020 11:11,0.3,0.3
5/7/2020 17:29,1.7,1.7
5/7/2020 23:47,,1.65
5/8/2020 6:06,1.6,1.6
5/8/2020 11:54,0.3,0.3
5/8/2020 18:10,1.7,1.7
5/9/2020 0:28,0.1,0.1
5/9/2020 6:52,1.5,1.5
5/9/2020 12:37,0.4,0.4
5/9/2020 18:50,,0.3
5/10/2020 1:09,0.2,0.2
5/10/2020 7:38,1.5,1.5
5/10/2020 13:20,0.5,0.5
5/10/2020 19:31,,0.8
5/11/2020 1:51,,1.1
5/11/2020 8:28,1.4,1.4
5/11/2020 14:07,0.6,0.6
5/11/2020 20:13,1.4,1.4
5/12/2020 2:36,0.3,0.3
5/12/2020 9:22,1.3,1.3
5/12/2020 15:00,0.7,0.7
5/12/2020 21:00,1.3,1.3
5/13/2020 3:27,,1.3
5/13/2020 10:25,1.3,1.3
5/13/2020 16:06,0.8,0.8
5/13/2020 21:58,1.2,1.2
5/14/2020 4:26,0.5,0.5
5/14/2020 11:36,1.2,1.2
5/14/2020 17:35,0.8,0.8
5/14/2020 23:14,,0.8
5/15/2020 5:37,,0.8
5/15/2020 12:48,,0.8
5/15/2020 19:05,0.8,0.8
5/16/2020 0:39,,0.7
5/16/2020 6:49,0.6,0.6
5/16/2020 13:46,,0.65
5/16/2020 20:08,0.7,0.7
5/17/2020 1:52,1.1,1.1
5/17/2020 7:49,0.6,0.6
5/17/2020 14:32,1.3,1.3
5/17/2020 20:53,0.6,0.6
5/18/2020 2:47,1.2,1.2
5/18/2020 8:37,0.5,0.5
5/18/2020 15:09,1.4,1.4
5/18/2020 21:29,0.5,0.5
5/19/2020 3:32,1.2,1.2
5/19/2020 9:17,0.5,0.5
5/19/2020 15:41,1.4,1.4
5/19/2020 22:02,,1.35
5/20/2020 4:10,1.3,1.3
5/20/2020 9:54,,1.4
5/20/2020 16:11,1.5,1.5
5/20/2020 22:34,,1.4
5/21/2020 4:45,1.3,1.3
5/21/2020 10:29,0.5,0.5
5/21/2020 16:40,1.5,1.5
5/21/2020 23:05,0.3,0.3
5/22/2020 5:20,1.3,1.3
5/22/2020 11:02,0.5,0.5
5/22/2020 17:11,1.5,1.5
5/22/2020 23:37,,1.45
5/23/2020 5:54,1.4,1.4
5/23/2020 11:36,0.5,0.5
5/23/2020 17:42,1.5,1.5
5/24/2020 0:10,0.2,0.2
5/24/2020 6:30,,0.35
5/24/2020 12:12,0.5,0.5
5/24/2020 18:16,,0.35
5/25/2020 0:44,0.2,0.2
5/25/2020 7:09,1.4,1.4
5/25/2020 12:50,0.5,0.5
5/25/2020 18:52,,0.35
5/26/2020 1:21,0.2,0.2
5/26/2020 7:52,1.4,1.4
5/26/2020 13:33,0.6,0.6
5/26/2020 19:34,1.4,1.4
5/27/2020 2:03,,1.4
5/27/2020 8:40,1.4,1.4
5/27/2020 14:23,0.6,0.6
5/27/2020 20:22,,0.45
5/28/2020 2:50,0.3,0.3
5/28/2020 9:37,,0.45
5/28/2020 15:25,0.6,0.6
5/28/2020 21:21,1.3,1.3
5/29/2020 3:47,0.4,0.4
5/29/2020 10:41,1.3,1.3
5/29/2020 16:42,0.7,0.7
5/29/2020 22:34,1.2,1.2
5/30/2020 4:54,0.4,0.4
5/30/2020 11:50,1.4,1.4
5/30/2020 18:07,,1.3
5/30/2020 23:56,1.2,1.2
5/31/2020 6:06,0.4,0.4
5/31/2020 12:55,1.4,1.4
5/31/2020 19:22,0.5,0.5
6/1/2020 1:15,1.2,1.2
6/1/2020 7:16,0.4,0.4
6/1/2020 13:55,1.5,1.5
6/1/2020 20:24,0.4,0.4
6/2/2020 2:25,,0.8
6/2/2020 8:18,,1.2
6/2/2020 14:48,1.6,1.6
6/2/2020 21:16,0.3,0.3
6/3/2020 3:24,1.3,1.3
6/3/2020 9:13,0.4,0.4
6/3/2020 15:36,1.6,1.6
6/3/2020 22:03,0.2,0.2
6/4/2020 4:18,1.4,1.4
6/4/2020 10:03,0.4,0.4
6/4/2020 16:22,1.6,1.6
6/4/2020 22:47,,1.5
6/5/2020 5:07,1.4,1.4
6/5/2020 10:50,0.4,0.4
6/5/2020 17:05,,0.25
6/5/2020 23:29,0.1,0.1
6/6/2020 5:54,1.5,1.5
6/6/2020 11:35,0.4,0.4
6/6/2020 17:47,1.6,1.6
6/7/2020 0:10,0.1,0.1
6/7/2020 6:41,1.5,1.5
6/7/2020 12:19,0.5,0.5
6/7/2020 18:28,1.5,1.5
6/8/2020 0:50,0.1,0.1
6/8/2020 7:26,1.4,1.4
6/8/2020 13:04,0.5,0.5
6/8/2020 19:08,1.4,1.4
6/9/2020 1:31,,1.4
6/9/2020 8:13,1.4,1.4
6/9/2020 13:50,0.6,0.6
6/9/2020 19:49,1.3,1.3
6/10/2020 2:12,0.3,0.3
6/10/2020 9:02,,0.5
6/10/2020 14:41,0.7,0.7
6/10/2020 20:33,1.3,1.3
6/11/2020 2:57,0.3,0.3
6/11/2020 9:53,1.3,1.3
6/11/2020 15:38,,1.25
6/11/2020 21:23,1.2,1.2
6/12/2020 3:45,,1.25
6/12/2020 10:48,1.3,1.3
6/12/2020 16:46,,1.2
6/12/2020 22:22,1.1,1.1
6/13/2020 4:40,,1.2
6/13/2020 11:45,1.3,1.3
6/13/2020 18:01,0.7,0.7
6/13/2020 23:34,1.1,1.1
6/14/2020 5:41,0.5,0.5
6/14/2020 12:39,1.3,1.3
6/14/2020 19:08,0.7,0.7
6/15/2020 0:49,1,1
6/15/2020 6:43,,1.15
6/15/2020 13:29,1.3,1.3
6/15/2020 20:03,0.6,0.6
6/16/2020 1:56,1.1,1.1
6/16/2020 7:40,,1.2
6/16/2020 14:12,1.3,1.3
6/16/2020 20:48,0.5,0.5
6/17/2020 2:52,1.1,1.1
6/17/2020 8:30,,1.25
6/17/2020 14:52,1.4,1.4
6/17/2020 21:28,0.4,0.4
6/18/2020 3:39,1.2,1.2
6/18/2020 9:15,0.6,0.6
6/18/2020 15:29,1.4,1.4
6/18/2020 22:04,,1.3
6/19/2020 4:20,1.2,1.2
6/19/2020 9:56,0.5,0.5
6/19/2020 16:06,1.5,1.5
6/19/2020 22:40,,1.4
6/20/2020 5:00,1.3,1.3
6/20/2020 10:37,0.5,0.5
6/20/2020 16:43,1.5,1.5
6/20/2020 23:16,0.2,0.2
6/21/2020 5:39,1.3,1.3
6/21/2020 11:17,0.5,0.5
6/21/2020 17:21,1.5,1.5
6/21/2020 23:52,,1.45
6/22/2020 6:18,1.4,1.4
6/22/2020 11:58,0.5,0.5
6/22/2020 18:00,1.5,1.5
6/23/2020 0:30,,1.45
6/23/2020 7:00,1.4,1.4
6/23/2020 12:42,0.5,0.5
6/23/2020 18:42,,0.35
6/24/2020 1:09,0.2,0.2
6/24/2020 7:44,1.4,1.4
6/24/2020 13:29,0.5,0.5
6/24/2020 19:27,,0.8
6/25/2020 1:52,,1.1
6/25/2020 8:32,1.4,1.4
6/25/2020 14:20,0.5,0.5
6/25/2020 20:17,1.4,1.4
6/26/2020 2:38,,1.4
6/26/2020 9:23,1.4,1.4
6/26/2020 15:19,0.6,0.6
6/26/2020 21:14,,0.45
6/27/2020 3:29,0.3,0.3
6/27/2020 10:20,,0.45
6/27/2020 16:26,0.6,0.6
6/27/2020 22:19,,0.5
6/28/2020 4:28,0.4,0.4
6/28/2020 11:20,,0.45
6/28/2020 17:40,0.5,0.5
6/28/2020 23:33,1.2,1.2
6/29/2020 5:33,,1.35
6/29/2020 12:22,1.5,1.5
6/29/2020 18:54,0.5,0.5
6/30/2020 0:51,1.2,1.2
6/30/2020 6:43,0.5,0.5
6/30/2020 13:23,1.5,1.5
6/30/2020 20:00,,1.35
7/1/2020 2:05,1.2,1.2
7/1/2020 7:50,0.5,0.5
7/1/2020 14:21,,0.766666667
7/1/2020 20:56,,1.033333333
7/2/2020 3:11,1.3,1.3
7/2/2020 8:51,0.5,0.5
7/2/2020 15:14,1.5,1.5
7/2/2020 21:47,,1.4
7/3/2020 4:08,1.3,1.3
7/3/2020 9:46,0.5,0.5
7/3/2020 16:03,1.5,1.5
7/3/2020 22:32,0.2,0.2
7/4/2020 4:59,,0.35
7/4/2020 10:36,0.5,0.5
7/4/2020 16:48,1.5,1.5
7/4/2020 23:14,0.2,0.2
7/5/2020 5:45,1.4,1.4
7/5/2020 11:23,,0.966666667
7/5/2020 17:30,,0.533333333
7/5/2020 23:53,0.1,0.1
7/6/2020 6:29,,0.3
7/6/2020 12:06,0.5,0.5
7/6/2020 18:10,1.5,1.5
7/7/2020 0:32,0.2,0.2
7/7/2020 7:11,1.4,1.4
7/7/2020 12:49,0.5,0.5
7/7/2020 18:49,1.4,1.4
7/8/2020 1:09,0.2,0.2
7/8/2020 7:51,1.4,1.4
7/8/2020 13:31,0.6,0.6
7/8/2020 19:27,1.4,1.4
7/9/2020 1:47,0.2,0.2
7/9/2020 8:31,1.4,1.4
7/9/2020 14:15,,1.35
7/9/2020 20:06,1.3,1.3
7/10/2020 2:25,0.3,0.3
7/10/2020 9:12,,0.45
7/10/2020 15:01,0.6,0.6
7/10/2020 20:48,1.2,1.2
7/11/2020 3:05,0.4,0.4
7/11/2020 9:54,1.3,1.3
7/11/2020 15:52,,1.2
7/11/2020 21:35,1.1,1.1
7/12/2020 3:48,,0.98
7/12/2020 10:38,,0.86
7/12/2020 16:51,,0.74
7/12/2020 22:32,,0.62
7/13/2020 4:36,0.5,0.5
7/13/2020 11:27,,0.55
7/13/2020 17:57,0.6,0.6
7/13/2020 23:40,1,1
7/14/2020 5:34,0.6,0.6
7/14/2020 12:18,1.3,1.3
7/14/2020 19:03,0.6,0.6
7/15/2020 0:56,,0.6
7/15/2020 6:38,0.6,0.6
7/15/2020 13:12,,0.766666667
7/15/2020 20:02,,0.933333333
7/16/2020 2:08,1.1,1.1
7/16/2020 7:42,0.7,0.7
7/16/2020 14:03,,0.55
7/16/2020 20:51,0.4,0.4
7/17/2020 3:07,,0.5
7/17/2020 8:40,0.6,0.6
7/17/2020 14:53,1.4,1.4
7/17/2020 21:36,0.4,0.4
7/18/2020 3:56,,0.5
7/18/2020 9:31,0.6,0.6
7/18/2020 15:39,,0.45
7/18/2020 22:16,0.3,0.3
7/19/2020 4:41,,0.4
7/19/2020 10:19,0.5,0.5
7/19/2020 16:23,,0.8
7/19/2020 22:56,,1.1
7/20/2020 5:22,1.4,1.4
7/20/2020 11:04,0.5,0.5
7/20/2020 17:07,1.5,1.5
7/20/2020 23:35,,1.5
7/21/2020 6:03,1.5,1.5
7/21/2020 11:48,0.5,0.5
7/21/2020 17:50,,0.3
7/22/2020 0:14,0.1,0.1
7/22/2020 6:45,1.5,1.5
7/22/2020 12:33,0.4,0.4
7/22/2020 18:34,1.5,1.5
7/23/2020 0:54,0.1,0.1
7/23/2020 7:28,1.5,1.5
7/23/2020 13:20,0.4,0.4
7/23/2020 19:20,1.5,1.5
7/24/2020 1:36,0.1,0.1
7/24/2020 8:13,,0.25
7/24/2020 14:08,0.4,0.4
7/24/2020 20:09,,0.3
7/25/2020 2:20,0.2,0.2
7/25/2020 9:00,1.5,1.5
7/25/2020 15:02,0.5,0.5
7/25/2020 21:01,1.3,1.3
7/26/2020 3:08,0.3,0.3
7/26/2020 9:51,,0.4
7/26/2020 16:01,0.5,0.5
7/26/2020 22:01,1.3,1.3
7/27/2020 4:01,0.4,0.4
7/27/2020 10:48,1.5,1.5
7/27/2020 17:08,0.5,0.5
7/27/2020 23:11,1.2,1.2
7/28/2020 5:03,0.5,0.5
7/28/2020 11:49,,0.5
7/28/2020 18:23,0.5,0.5
7/29/2020 0:31,1.2,1.2
7/29/2020 6:15,0.6,0.6
7/29/2020 12:55,1.4,1.4
7/29/2020 19:37,0.5,0.5
7/30/2020 1:53,,0.8
7/30/2020 7:32,,1.1
7/30/2020 14:00,1.4,1.4
7/30/2020 20:41,0.4,0.4
7/31/2020 3:05,1.2,1.2
7/31/2020 8:42,0.6,0.6
7/31/2020 15:00,1.4,1.4
7/31/2020 21:35,0.3,0.3
8/1/2020 4:03,,0.45
8/1/2020 9:41,0.6,0.6
8/1/2020 15:52,1.4,1.4
8/1/2020 22:20,0.3,0.3
8/2/2020 4:52,1.4,1.4
8/2/2020 10:31,0.6,0.6
8/2/2020 16:37,1.5,1.5
8/2/2020 23:00,,1.5
8/3/2020 5:34,,1.5
8/3/2020 11:14,,1.5
8/3/2020 17:18,1.5,1.5
8/3/2020 23:36,0.2,0.2
8/4/2020 6:12,1.5,1.5
8/4/2020 11:53,0.5,0.5
8/4/2020 17:55,1.5,1.5
8/5/2020 0:11,0.2,0.2
8/5/2020 6:47,1.5,1.5
8/5/2020 12:31,0.5,0.5
8/5/2020 18:30,1.4,1.4
8/6/2020 0:45,0.2,0.2
8/6/2020 7:20,1.5,1.5
8/6/2020 13:07,0.5,0.5
8/6/2020 19:04,1.4,1.4
8/7/2020 1:18,0.2,0.2
8/7/2020 7:53,,0.6
8/7/2020 13:43,,1
8/7/2020 19:39,1.4,1.4
8/8/2020 1:51,0.3,0.3
8/8/2020 8:25,1.4,1.4
8/8/2020 14:21,0.5,0.5
8/8/2020 20:14,1.3,1.3
8/9/2020 2:24,,1.35
8/9/2020 8:58,1.4,1.4
8/9/2020 15:02,0.6,0.6
8/9/2020 20:54,1.2,1.2
8/10/2020 3:00,0.5,0.5
8/10/2020 9:35,1.3,1.3
8/10/2020 15:49,0.6,0.6
8/10/2020 21:41,,0.6
8/11/2020 3:40,0.6,0.6
8/11/2020 10:16,,0.6
8/11/2020 16:45,0.6,0.6
8/11/2020 22:40,,0.6
8/12/2020 4:29,0.6,0.6
8/12/2020 11:08,1.3,1.3
8/12/2020 17:54,0.6,0.6
8/12/2020 23:57,1.1,1.1
8/13/2020 5:37,0.7,0.7
8/13/2020 12:11,1.3,1.3
8/13/2020 19:09,0.6,0.6
8/14/2020 1:23,1.1,1.1
8/14/2020 6:59,,1.2
8/14/2020 13:19,1.3,1.3
8/14/2020 20:14,0.5,0.5
8/15/2020 2:37,1.1,1.1
8/15/2020 8:14,0.7,0.7
8/15/2020 14:23,1.3,1.3
8/15/2020 21:07,0.4,0.4
8/16/2020 3:32,1.2,1.2
8/16/2020 9:14,0.6,0.6
8/16/2020 15:19,1.4,1.4
8/16/2020 21:53,0.3,0.3
8/17/2020 4:19,1.4,1.4
8/17/2020 10:05,0.5,0.5
8/17/2020 16:08,1.5,1.5
8/17/2020 22:35,0.2,0.2
8/18/2020 5:01,1.5,1.5
8/18/2020 10:52,0.5,0.5
8/18/2020 16:54,,0.3
8/18/2020 23:15,0.1,0.1
8/19/2020 5:42,1.6,1.6
8/19/2020 11:36,0.4,0.4
8/19/2020 17:39,1.6,1.6
8/19/2020 23:55,,1.6
8/20/2020 6:23,1.6,1.6
8/20/2020 12:19,,1.6
8/20/2020 18:24,1.6,1.6
8/21/2020 0:35,0.1,0.1
8/21/2020 7:04,1.7,1.7
8/21/2020 13:04,0.3,0.3
8/21/2020 19:09,,0.2
8/22/2020 1:17,0.1,0.1
8/22/2020 7:47,1.7,1.7
8/22/2020 13:49,0.3,0.3
8/22/2020 19:55,1.5,1.5
8/23/2020 1:59,0.2,0.2
8/23/2020 8:32,1.6,1.6
8/23/2020 14:38,0.4,0.4
8/23/2020 20:46,,0.35
8/24/2020 2:44,0.3,0.3
8/24/2020 9:19,1.5,1.5
8/24/2020 15:32,0.4,0.4
8/24/2020 21:43,1.3,1.3
8/25/2020 3:35,0.5,0.5
8/25/2020 10:13,1.5,1.5
8/25/2020 16:35,,1.35
8/25/2020 22:52,1.2,1.2
8/26/2020 4:37,,0.966666667
8/26/2020 11:17,,0.733333333
8/26/2020 17:52,0.5,0.5
8/27/2020 0:17,1.2,1.2
8/27/2020 5:58,,1.25
8/27/2020 12:31,1.3,1.3
8/27/2020 19:16,,1.1
8/28/2020 1:48,,0.9
8/28/2020 7:30,0.7,0.7
8/28/2020 13:48,1.3,1.3
8/28/2020 20:27,,1.3
8/29/2020 3:02,1.3,1.3
8/29/2020 8:46,0.7,0.7
8/29/2020 14:53,1.3,1.3
8/29/2020 21:22,,1.3
8/30/2020 3:56,1.3,1.3
8/30/2020 9:42,0.6,0.6
8/30/2020 15:45,1.4,1.4
8/30/2020 22:05,0.4,0.4
8/31/2020 4:39,1.4,1.4
8/31/2020 10:26,,1.4
8/31/2020 16:28,1.4,1.4
8/31/2020 22:42,0.3,0.3
9/1/2020 5:14,,0.666666667
9/1/2020 11:03,,1.033333333
9/1/2020 17:05,1.4,1.4
9/1/2020 23:15,,1.425
9/2/2020 5:46,,1.45
9/2/2020 11:36,,1.475
9/2/2020 17:38,1.5,1.5
9/2/2020 23:46,0.3,0.3
9/3/2020 6:15,1.5,1.5
9/3/2020 12:07,,1.5
9/3/2020 18:10,1.5,1.5
9/4/2020 0:16,0.3,0.3
9/4/2020 6:43,1.5,1.5
9/4/2020 12:39,0.4,0.4
9/4/2020 18:41,1.4,1.4
9/5/2020 0:46,0.3,0.3
9/5/2020 7:10,1.5,1.5
9/5/2020 13:11,0.4,0.4
9/5/2020 19:12,,0.766666667
9/6/2020 1:16,,1.133333333
9/6/2020 7:38,1.5,1.5
9/6/2020 13:43,,1.133333333
9/6/2020 19:45,,0.766666667
9/7/2020 1:46,0.4,0.4
9/7/2020 8:07,1.5,1.5
9/7/2020 14:18,,1.4
9/7/2020 20:20,1.3,1.3
9/8/2020 2:18,0.5,0.5
9/8/2020 8:38,1.4,1.4
9/8/2020 14:58,0.5,0.5
9/8/2020 21:02,1.2,1.2
9/9/2020 2:53,0.6,0.6
9/9/2020 9:17,1.3,1.3
9/9/2020 15:45,0.6,0.6
9/9/2020 21:55,,0.65
9/10/2020 3:39,0.7,0.7
9/10/2020 10:06,,0.65
9/10/2020 16:49,0.6,0.6
9/10/2020 23:11,1.1,1.1
9/11/2020 4:49,0.8,0.8
9/11/2020 11:16,1.2,1.2
9/11/2020 18:13,0.6,0.6
9/12/2020 0:45,1.1,1.1
9/12/2020 6:29,,1.2
9/12/2020 12:41,1.3,1.3
9/12/2020 19:34,0.6,0.6
9/13/2020 2:06,1.2,1.2
9/13/2020 7:57,0.7,0.7
9/13/2020 13:59,1.3,1.3
9/13/2020 20:35,0.5,0.5
9/14/2020 3:05,,0.8
9/14/2020 9:01,,1.1
9/14/2020 15:01,1.4,1.4
9/14/2020 21:25,0.4,0.4
9/15/2020 3:52,,0.45
9/15/2020 9:51,0.5,0.5
9/15/2020 15:53,1.5,1.5
9/15/2020 22:09,0.3,0.3
9/16/2020 4:34,1.6,1.6
9/16/2020 10:36,,1.133333333
9/16/2020 16:40,,0.666666667
9/16/2020 22:51,0.2,0.2
9/17/2020 5:15,1.7,1.7
9/17/2020 11:19,,1.166666667
9/17/2020 17:25,,0.633333333
9/17/2020 23:32,0.1,0.1
9/18/2020 5:56,1.8,1.8
9/18/2020 12:01,0.2,0.2
9/18/2020 18:09,1.7,1.7
9/19/2020 0:13,0.1,0.1
9/19/2020 6:36,1.8,1.8
9/19/2020 12:43,0.2,0.2
9/19/2020 18:54,,0.2
9/20/2020 0:54,0.2,0.2
9/20/2020 7:18,,0.666666667
9/20/2020 13:27,,1.133333333
9/20/2020 19:40,1.6,1.6
9/21/2020 1:36,0.3,0.3
9/21/2020 8:01,1.7,1.7
9/21/2020 14:13,,1.6
9/21/2020 20:30,1.5,1.5
9/22/2020 2:21,,1.483333333
9/22/2020 8:47,,1.466666667
9/22/2020 15:03,,1.45
9/22/2020 21:27,,1.433333333
9/23/2020 3:12,,1.416666667
9/23/2020 9:39,1.4,1.4
9/23/2020 16:03,0.5,0.5
9/23/2020 22:37,1.3,1.3
9/24/2020 4:17,0.7,0.7
9/24/2020 10:44,1.3,1.3
9/24/2020 17:19,0.6,0.6
9/25/2020 0:07,1.2,1.2
9/25/2020 5:52,0.8,0.8
9/25/2020 12:09,1.2,1.2
9/25/2020 18:50,0.6,0.6
9/26/2020 1:39,1.2,1.2
9/26/2020 7:37,0.8,0.8
9/26/2020 13:35,1.2,1.2
9/26/2020 20:06,,1.25
9/27/2020 2:48,1.3,1.3
9/27/2020 8:49,0.7,0.7
9/27/2020 14:43,1.3,1.3
9/27/2020 21:01,0.5,0.5
9/28/2020 3:37,,0.55
9/28/2020 9:37,0.6,0.6
9/28/2020 15:33,,0.5
9/28/2020 21:42,0.4,0.4
9/29/2020 4:14,,0.5
9/29/2020 10:13,0.6,0.6
9/29/2020 16:13,1.4,1.4
9/29/2020 22:16,0.4,0.4
9/30/2020 4:45,1.5,1.5
9/30/2020 10:44,0.5,0.5
9/30/2020 16:47,,0.45
9/30/2020 22:47,0.4,0.4
10/1/2020 5:13,,0.45
10/1/2020 11:13,0.5,0.5
10/1/2020 17:18,1.5,1.5
10/1/2020 23:16,0.4,0.4
10/2/2020 5:39,1.6,1.6
10/2/2020 11:42,0.4,0.4
10/2/2020 17:48,1.5,1.5
10/2/2020 23:45,0.4,0.4
10/3/2020 6:04,1.6,1.6
10/3/2020 12:11,0.4,0.4
10/3/2020 18:18,1.5,1.5
10/4/2020 0:14,0.4,0.4
10/4/2020 6:29,1.6,1.6
10/4/2020 12:41,,1.55
10/4/2020 18:48,1.5,1.5
10/5/2020 0:43,0.4,0.4
10/5/2020 6:55,,0.733333333
10/5/2020 13:11,,1.066666667
10/5/2020 19:20,1.4,1.4
10/6/2020 1:12,0.5,0.5
10/6/2020 7:23,1.5,1.5
10/6/2020 13:43,,1.45
10/6/2020 19:55,1.4,1.4
10/7/2020 1:44,0.6,0.6
10/7/2020 7:54,1.5,1.5
10/7/2020 14:20,0.5,0.5
10/7/2020 20:36,1.3,1.3
10/8/2020 2:21,0.7,0.7
10/8/2020 8:31,1.4,1.4
10/8/2020 15:03,0.5,0.5
10/8/2020 21:29,,0.65
10/9/2020 3:09,0.8,0.8
10/9/2020 9:21,1.3,1.3
10/9/2020 16:02,0.6,0.6
10/9/2020 22:43,1.2,1.2
10/10/2020 4:23,0.8,0.8
10/10/2020 10:35,1.3,1.3
10/10/2020 17:22,0.6,0.6
10/11/2020 0:14,,0.7
10/11/2020 6:11,0.8,0.8
10/11/2020 12:10,1.2,1.2
10/11/2020 18:50,,1.25
10/12/2020 1:33,1.3,1.3
10/12/2020 7:42,0.7,0.7
10/12/2020 13:35,1.3,1.3
10/12/2020 19:59,0.5,0.5
10/13/2020 2:33,1.4,1.4
10/13/2020 8:43,,1.4
10/13/2020 14:41,1.4,1.4
10/13/2020 20:53,,1.5
10/14/2020 3:21,1.6,1.6
10/14/2020 9:32,0.5,0.5
10/14/2020 15:34,1.5,1.5
10/14/2020 21:41,0.3,0.3
10/15/2020 4:05,1.7,1.7
10/15/2020 10:17,0.3,0.3
10/15/2020 16:23,1.6,1.6
10/15/2020 22:25,,1.133333333
10/16/2020 4:47,,0.666666667
10/16/2020 10:59,0.2,0.2
10/16/2020 17:08,1.7,1.7
10/16/2020 23:07,0.2,0.2
10/17/2020 5:28,1.8,1.8
10/17/2020 11:41,0.2,0.2
10/17/2020 17:54,1.7,1.7
10/17/2020 23:49,,1.75
10/18/2020 6:09,1.8,1.8
10/18/2020 12:22,0.2,0.2
10/18/2020 18:39,1.7,1.7
10/19/2020 0:31,0.3,0.3
10/19/2020 6:50,1.8,1.8
10/19/2020 13:05,0.2,0.2
10/19/2020 19:26,1.6,1.6
10/20/2020 1:15,,1.65
10/20/2020 7:32,1.7,1.7
10/20/2020 13:49,0.3,0.3
10/20/2020 20:16,1.5,1.5
10/21/2020 2:01,0.5,0.5
10/21/2020 8:17,1.5,1.5
10/21/2020 14:37,,1.45
10/21/2020 21:14,1.4,1.4
10/22/2020 2:54,0.7,0.7
10/22/2020 9:08,1.4,1.4
10/22/2020 15:33,0.5,0.5
10/22/2020 22:23,1.3,1.3
10/23/2020 4:03,0.8,0.8
10/23/2020 10:12,,0.7
10/23/2020 16:43,0.6,0.6
10/23/2020 23:48,,0.75
10/24/2020 5:43,0.9,0.9
10/24/2020 11:38,1.2,1.2
10/24/2020 18:09,0.6,0.6
10/25/2020 1:13,,0.7
10/25/2020 7:28,0.8,0.8
10/25/2020 13:09,1.2,1.2
10/25/2020 19:27,0.6,0.6
10/26/2020 2:17,1.4,1.4
10/26/2020 8:33,0.7,0.7
10/26/2020 14:19,1.2,1.2
10/26/2020 20:24,0.6,0.6
10/27/2020 3:03,,0.65
10/27/2020 9:16,0.7,0.7
10/27/2020 15:10,1.3,1.3
10/27/2020 21:06,0.5,0.5
10/28/2020 3:39,1.5,1.5
10/28/2020 9:49,0.6,0.6
10/28/2020 15:50,1.4,1.4
10/28/2020 21:42,0.5,0.5
10/29/2020 4:09,,0.8
10/29/2020 10:19,,1.1
10/29/2020 16:25,1.4,1.4
10/29/2020 22:15,0.5,0.5
10/30/2020 4:36,1.6,1.6
10/30/2020 10:48,0.4,0.4
10/30/2020 16:57,1.5,1.5
10/30/2020 22:45,0.5,0.5
10/31/2020 5:02,1.6,1.6
10/31/2020 11:16,,1.55
10/31/2020 17:27,1.5,1.5
10/31/2020 23:15,0.5,0.5
11/1/2020 5:27,1.6,1.6
11/1/2020 11:45,0.4,0.4
11/1/2020 17:58,1.5,1.5
11/1/2020 23:45,0.5,0.5
11/2/2020 5:53,1.6,1.6
11/2/2020 12:15,0.3,0.3
11/2/2020 18:30,1.5,1.5
11/3/2020 0:15,0.6,0.6
11/3/2020 6:21,,0.5
11/3/2020 12:46,0.4,0.4
11/3/2020 19:03,,0.5
11/4/2020 0:47,0.6,0.6
11/4/2020 6:51,,0.5
11/4/2020 13:19,0.4,0.4
11/4/2020 19:40,,0.55
11/5/2020 1:22,0.7,0.7
11/5/2020 7:24,,0.933333333
11/5/2020 13:55,,1.166666667
11/5/2020 20:23,1.4,1.4
11/6/2020 2:03,0.7,0.7
11/6/2020 8:04,,0.6
11/6/2020 14:38,0.5,0.5
11/6/2020 21:17,1.3,1.3
11/7/2020 2:57,0.8,0.8
11/7/2020 8:57,1.3,1.3
11/7/2020 15:33,0.6,0.6
11/7/2020 22:25,1.3,1.3
11/8/2020 4:13,,1.066666667
11/8/2020 10:10,,0.833333333
11/8/2020 16:44,0.6,0.6
11/8/2020 23:43,1.4,1.4
11/9/2020 5:51,0.8,0.8
11/9/2020 11:41,1.3,1.3
11/9/2020 18:05,0.6,0.6
11/10/2020 0:56,,0.833333333
11/10/2020 7:17,,1.066666667
11/10/2020 13:07,1.3,1.3
11/10/2020 19:18,,1.4
11/11/2020 1:57,1.5,1.5
11/11/2020 8:20,0.6,0.6
11/11/2020 14:16,,0.966666667
11/11/2020 20:19,,1.333333333
11/12/2020 2:49,1.7,1.7
11/12/2020 9:11,0.4,0.4
11/12/2020 15:14,1.5,1.5
11/12/2020 21:11,0.4,0.4
11/13/2020 3:35,1.8,1.8
11/13/2020 9:57,0.3,0.3
11/13/2020 16:06,1.6,1.6
11/13/2020 21:59,0.4,0.4
11/14/2020 4:19,1.8,1.8
11/14/2020 10:40,0.2,0.2
11/14/2020 16:54,1.6,1.6
11/14/2020 22:44,0.4,0.4
11/15/2020 5:02,1.8,1.8
11/15/2020 11:22,,1.333333333
11/15/2020 17:40,,0.866666667
11/15/2020 23:29,0.4,0.4
11/16/2020 5:44,,0.3
11/16/2020 12:04,0.2,0.2
11/16/2020 18:27,1.7,1.7
11/17/2020 0:13,0.4,0.4
11/17/2020 6:26,1.8,1.8
11/17/2020 12:46,0.2,0.2
11/17/2020 19:15,,0.35
11/18/2020 0:58,0.5,0.5
11/18/2020 7:08,1.7,1.7
11/18/2020 13:30,,1.6
11/18/2020 20:05,1.5,1.5
11/19/2020 1:45,,1.5
11/19/2020 7:52,1.5,1.5
11/19/2020 14:15,0.4,0.4
11/19/2020 21:00,,0.733333333
11/20/2020 2:39,,1.066666667
11/20/2020 8:40,1.4,1.4
11/20/2020 15:05,0.5,0.5
11/20/2020 22:02,1.4,1.4
11/21/2020 3:44,0.8,0.8
11/21/2020 9:38,1.3,1.3
11/21/2020 16:03,0.6,0.6
11/21/2020 23:13,,0.75
11/22/2020 5:11,0.9,0.9
11/22/2020 10:53,1.2,1.2
11/22/2020 17:13,0.6,0.6
11/23/2020 0:25,1.4,1.4
11/23/2020 6:45,0.9,0.9
11/23/2020 12:19,1.2,1.2
11/23/2020 18:27,0.7,0.7
11/24/2020 1:27,,0.75
11/24/2020 7:54,0.8,0.8
11/24/2020 13:35,1.2,1.2
11/24/2020 19:30,,1.35
11/25/2020 2:16,1.5,1.5
11/25/2020 8:41,0.7,0.7
11/25/2020 14:34,1.2,1.2
11/25/2020 20:20,0.7,0.7
11/26/2020 2:55,1.5,1.5
11/26/2020 9:18,0.6,0.6
11/26/2020 15:20,1.3,1.3
11/26/2020 21:02,0.6,0.6
11/27/2020 3:28,,0.55
11/27/2020 9:50,0.5,0.5
11/27/2020 15:59,1.4,1.4
11/27/2020 21:40,0.6,0.6
11/28/2020 3:58,1.6,1.6
11/28/2020 10:22,0.5,0.5
11/28/2020 16:35,1.4,1.4
11/28/2020 22:15,,1.5
11/29/2020 4:27,1.6,1.6
11/29/2020 10:52,0.4,0.4
11/29/2020 17:09,1.4,1.4
11/29/2020 22:48,0.6,0.6
11/30/2020 4:56,,0.5
11/30/2020 11:23,0.4,0.4
11/30/2020 17:42,1.5,1.5
11/30/2020 23:22,0.6,0.6
12/1/2020 5:26,1.6,1.6
12/1/2020 11:55,,1.55
12/1/2020 18:16,1.5,1.5
12/1/2020 23:56,0.6,0.6
12/2/2020 5:58,1.6,1.6
12/2/2020 12:28,,1.55
12/2/2020 18:53,1.5,1.5
12/3/2020 0:32,0.7,0.7
12/3/2020 6:32,1.6,1.6
12/3/2020 13:02,0.4,0.4
12/3/2020 19:32,1.5,1.5
12/4/2020 1:12,0.7,0.7
12/4/2020 7:10,1.5,1.5
12/4/2020 13:40,,1.5
12/4/2020 20:16,1.5,1.5
12/5/2020 1:57,0.7,0.7
12/5/2020 7:53,,0.55
12/5/2020 14:23,0.4,0.4
12/5/2020 21:07,1.5,1.5
12/6/2020 2:53,0.8,0.8
12/6/2020 8:46,1.4,1.4
12/6/2020 15:13,0.5,0.5
12/6/2020 22:06,1.5,1.5
12/7/2020 4:02,0.8,0.8
12/7/2020 9:52,1.3,1.3
12/7/2020 16:13,0.5,0.5
12/7/2020 23:11,1.5,1.5
12/8/2020 5:24,0.8,0.8
12/8/2020 11:12,1.3,1.3
12/8/2020 17:24,0.6,0.6
12/9/2020 0:18,1.5,1.5
12/9/2020 6:45,0.7,0.7
12/9/2020 12:35,1.3,1.3
12/9/2020 18:37,0.6,0.6
12/10/2020 1:20,,0.6
12/10/2020 7:52,0.6,0.6
12/10/2020 13:50,1.4,1.4
12/10/2020 19:44,0.6,0.6
12/11/2020 2:17,1.7,1.7
12/11/2020 8:48,,1.55
12/11/2020 14:55,1.4,1.4
12/11/2020 20:43,0.5,0.5
12/12/2020 3:08,,0.45
12/12/2020 9:37,0.4,0.4
12/12/2020 15:51,1.5,1.5
12/12/2020 21:37,0.5,0.5
12/13/2020 3:56,1.8,1.8
12/13/2020 10:23,,1.7
12/13/2020 16:43,1.6,1.6
12/13/2020 22:26,0.5,0.5
12/14/2020 4:42,1.8,1.8
12/14/2020 11:07,0.2,0.2
12/14/2020 17:32,1.6,1.6
12/14/2020 23:14,0.5,0.5
12/15/2020 5:26,1.8,1.8
12/15/2020 11:49,0.2,0.2
12/15/2020 18:19,1.6,1.6
12/16/2020 0:00,0.5,0.5
12/16/2020 6:08,,0.72
12/16/2020 12:31,,0.94
12/16/2020 19:05,,1.16
12/17/2020 0:46,,1.38
12/17/2020 6:50,1.6,1.6
12/17/2020 13:12,,1.6
12/17/2020 19:52,1.6,1.6
12/18/2020 1:32,0.7,0.7
12/18/2020 7:33,,0.7
12/18/2020 13:54,,0.7
12/18/2020 20:40,,0.7
12/19/2020 2:21,0.7,0.7
12/19/2020 8:17,1.4,1.4
12/19/2020 14:37,,1.2
12/19/2020 21:31,,1
12/20/2020 3:16,0.8,0.8
12/20/2020 9:05,,0.65
12/20/2020 15:24,0.5,0.5
12/20/2020 22:24,1.5,1.5
12/21/2020 4:20,0.8,0.8
12/21/2020 10:01,1.3,1.3
12/21/2020 16:15,0.6,0.6
12/21/2020 23:20,,0.7
12/22/2020 5:33,0.8,0.8
12/22/2020 11:10,1.2,1.2
12/22/2020 17:15,0.7,0.7
12/23/2020 0:18,1.4,1.4
12/23/2020 6:48,0.8,0.8
12/23/2020 12:28,1.2,1.2
12/23/2020 18:19,0.7,0.7
12/24/2020 1:12,1.4,1.4
12/24/2020 7:49,0.7,0.7
12/24/2020 13:42,1.2,1.2
12/24/2020 19:22,0.7,0.7
12/25/2020 1:59,1.5,1.5
12/25/2020 8:37,0.7,0.7
12/25/2020 14:43,1.2,1.2
12/25/2020 20:17,,1.35
12/26/2020 2:41,1.5,1.5
12/26/2020 9:19,0.6,0.6
12/26/2020 15:33,1.3,1.3
12/26/2020 21:04,0.7,0.7
12/27/2020 3:20,1.5,1.5
12/27/2020 9:55,0.5,0.5
12/27/2020 16:15,,0.866666667
12/27/2020 21:47,,1.233333333
12/28/2020 3:56,1.6,1.6
12/28/2020 10:31,0.4,0.4
12/28/2020 16:53,,0.55
12/28/2020 22:27,0.7,0.7
12/29/2020 4:32,1.6,1.6
12/29/2020 11:05,0.4,0.4
12/29/2020 17:29,1.5,1.5
12/29/2020 23:06,0.7,0.7
12/30/2020 5:08,,0.5
12/30/2020 11:39,0.3,0.3
12/30/2020 18:05,,0.5
12/30/2020 23:44,0.7,0.7
12/31/2020 5:45,1.6,1.6
12/31/2020 12:14,0.3,0.3
12/31/2020 18:43,1.5,1.5
1/1/2021 0:21,0.7,0.7
1/1/2021 6:22,1.6,1.6
1/1/2021 12:50,0.3,0.3
1/1/2021 19:22,1.6,1.6
1/2/2021 1:06,,1.166666667
1/2/2021 7:03,,0.733333333
1/2/2021 13:28,0.3,0.3
1/2/2021 20:04,1.6,1.6
1/3/2021 1:52,0.7,0.7
1/3/2021 7:47,1.5,1.5
1/3/2021 14:08,0.4,0.4
1/3/2021 20:50,,0.55
1/4/2021 2:43,0.7,0.7
1/4/2021 8:37,1.5,1.5
1/4/2021 14:54,,1.55
1/4/2021 21:40,1.6,1.6
1/5/2021 3:42,0.7,0.7
1/5/2021 9:35,1.4,1.4
1/5/2021 15:45,,1.5
1/5/2021 22:36,1.6,1.6
1/6/2021 4:50,0.7,0.7
1/6/2021 10:43,1.3,1.3
1/6/2021 16:45,,1.45
1/6/2021 23:37,1.6,1.6
1/7/2021 6:06,0.7,0.7
1/7/2021 12:02,,0.65
1/7/2021 17:54,0.6,0.6
1/8/2021 0:41,1.6,1.6
1/8/2021 7:21,,1.45
1/8/2021 13:25,1.3,1.3
1/8/2021 19:09,0.7,0.7
1/9/2021 1:45,1.6,1.6
1/9/2021 8:26,,1.45
1/9/2021 14:40,1.3,1.3
1/9/2021 20:20,0.7,0.7
1/10/2021 2:45,,0.55
1/10/2021 9:22,0.4,0.4
1/10/2021 15:44,1.4,1.4
1/10/2021 21:23,0.6,0.6
1/11/2021 3:39,1.6,1.6
1/11/2021 10:11,0.3,0.3
1/11/2021 16:39,1.5,1.5
1/11/2021 22:17,,1.6
1/12/2021 4:29,1.7,1.7
1/12/2021 10:56,0.3,0.3
1/12/2021 17:28,1.6,1.6
1/12/2021 23:07,0.6,0.6
1/13/2021 5:14,1.7,1.7
1/13/2021 11:38,0.3,0.3
1/13/2021 18:13,,0.45
1/13/2021 23:53,0.6,0.6
1/14/2021 5:57,1.6,1.6
1/14/2021 12:18,0.3,0.3
1/14/2021 18:55,,0.45
1/15/2021 0:36,0.6,0.6
1/15/2021 6:37,,0.45
1/15/2021 12:55,0.3,0.3
1/15/2021 19:35,1.6,1.6
1/16/2021 1:18,0.6,0.6
1/16/2021 7:16,1.5,1.5
1/16/2021 13:32,0.3,0.3
1/16/2021 20:14,,0.7
1/17/2021 2:00,,1.1
1/17/2021 7:55,1.5,1.5
1/17/2021 10:09,0.4,0.4
1/17/2021 20:53,1.6,1.6
1/18/2021 2:43,0.7,0.7
1/18/2021 8:43,1.4,1.4
1/18/2021 14:46,0.5,0.5
1/18/2021 21:36,1.5,1.5
1/19/2021 3:30,0.7,0.7
1/19/2021 9:17,1.3,1.3
1/19/2021 15:26,0.6,0.6
1/19/2021 22:13,1.5,1.5
1/20/2021 4:23,0.8,0.8
1/20/2021 10:07,,0.75
1/20/2021 16:09,0.7,0.7
1/20/2021 22:59,,0.866666667
1/21/2021 5:26,,1.033333333
1/21/2021 11:12,1.2,1.2
1/21/2021 17:02,0.7,0.7
1/21/2021 23:50,1.4,1.4
1/22/2021 6:37,0.8,0.8
1/22/2021 12:33,1.1,1.1
1/22/2021 18:09,0.8,0.8
1/23/2021 0:48,,0.75
1/23/2021 7:45,0.7,0.7
1/23/2021 13:57,1.2,1.2
1/23/2021 19:23,0.8,0.8
1/24/2021 1:47,1.4,1.4
1/24/2021 8:41,,1.4
1/24/2021 15:04,,1.4
1/24/2021 20:29,,1.4
1/25/2021 2:41,1.4,1.4
1/25/2021 9:28,0.5,0.5
1/25/2021 15:55,1.3,1.3
1/25/2021 21:24,0.8,0.8
1/26/2021 3:29,1.5,1.5
1/26/2021 10:09,0.5,0.5
1/26/2021 16:36,1.4,1.4
1/26/2021 10:11,0.7,0.7
1/27/2021 4:13,,0.55
1/27/2021 10:46,0.4,0.4
1/27/2021 17:14,1.5,1.5
1/27/2021 22:54,0.7,0.7
1/28/2021 4:54,1.6,1.6
1/28/2021 11:23,,1.6
1/28/2021 17:50,1.6,1.6
1/28/2021 23:35,,1.6
1/29/2021 5:35,1.6,1.6
1/29/2021 11:58,0.3,0.3
1/29/2021 18:27,1.6,1.6
1/30/2021 0:16,0.6,0.6
1/30/2021 6:15,1.6,1.6
1/30/2021 12:35,0.2,0.2
1/30/2021 19:05,,0.2
1/31/2021 0:57,,0.2
1/31/2021 6:57,,0.2
1/31/2021 13:12,0.2,0.2
1/31/2021 19:44,1.7,1.7
2/1/2021 1:40,0.5,0.5
2/1/2021 7:40,1.6,1.6
2/1/2021 13:51,0.3,0.3
2/1/2021 20:26,,0.7
2/2/2021 2:27,,1.1
2/2/2021 8:26,1.5,1.5
2/2/2021 14:33,0.4,0.4
2/2/2021 21:11,1.7,1.7
2/3/2021 3:18,0.6,0.6
2/3/2021 9:18,1.4,1.4
2/3/2021 15:20,0.5,0.5
2/3/2021 22:01,1.6,1.6
2/4/2021 4:07,,1.45
2/4/2021 10:20,1.3,1.3
2/4/2021 16:14,0.6,0.6
2/4/2021 22:59,1.5,1.5
2/5/2021 5:28,0.6,0.6
2/5/2021 11:37,1.3,1.3
2/5/2021 17:22,0.7,0.7
2/6/2021 0:06,1.5,1.5
2/6/2021 6:51,0.6,0.6
2/6/2021 13:08,1.2,1.2
2/6/2021 18:47,0.7,0.7
2/7/2021 1:21,1.5,1.5
2/7/2021 8:09,0.6,0.6
2/7/2021 14:35,1.3,1.3
2/7/2021 20:13,0.8,0.8
2/8/2021 2:32,1.5,1.5
2/8/2021 9:12,,1.45
2/8/2021 15:43,1.4,1.4
2/8/2021 21:23,,1.45
2/9/2021 3:33,1.5,1.5
2/9/2021 10:03,,1.5
2/9/2021 16:36,1.5,1.5
2/9/2021 22:19,,1.1
2/10/2021 4:24,,0.7
2/10/2021 10:47,0.3,0.3
2/10/2021 17:20,1.6,1.6
2/10/2021 23:05,,1.6
2/11/2021 5:07,1.6,1.6
2/11/2021 11:25,0.3,0.3
2/11/2021 17:59,,0.733333333
2/11/2021 23:45,,1.166666667
2/12/2021 5:46,1.6,1.6
2/12/2021 12:00,0.3,0.3
2/12/2021 18:34,1.6,1.6
2/13/2021 0:22,,1.166666667
2/13/2021 6:23,,0.733333333
2/13/2021 12:33,0.3,0.3
2/13/2021 19:07,1.6,1.6
2/14/2021 0:57,0.5,0.5
2/14/2021 6:57,1.5,1.5
2/14/2021 13:06,,1.55
2/14/2021 19:38,1.6,1.6
2/15/2021 1:31,,1.55
2/15/2021 7:30,1.5,1.5
2/15/2021 13:37,,1.55
2/15/2021 20:09,1.6,1.6
2/16/2021 2:06,0.6,0.6
2/16/2021 8:03,1.4,1.4
2/16/2021 14:09,,1.45
2/16/2021 20:39,1.5,1.5
2/17/2021 2:43,0.6,0.6
2/17/2021 8:39,1.4,1.4
2/17/2021 14:41,,1.45
2/17/2021 21:11,1.5,1.5
2/18/2021 3:24,0.7,0.7
2/18/2021 9:20,1.3,1.3
2/18/2021 15:16,0.6,0.6
2/18/2021 21:47,1.4,1.4
2/19/2021 4:13,0.7,0.7
2/19/2021 10:11,1.2,1.2
2/19/2021 15:58,0.7,0.7
2/19/2021 22:32,1.4,1.4
2/20/2021 5:17,0.7,0.7
2/20/2021 11:23,1.1,1.1
2/20/2021 16:58,0.8,0.8
2/20/2021 23:33,1.3,1.3
2/21/2021 6:39,0.7,0.7
2/21/2021 13:01,1.1,1.1
2/21/2021 18:28,0.9,0.9
2/22/2021 0:50,,0.8
2/22/2021 7:57,0.7,0.7
2/22/2021 14:30,1.2,1.2
2/22/2021 20:00,0.9,0.9
2/23/2021 2:06,,1.033333333
2/23/2021 8:56,,1.166666667
2/23/2021 15:28,1.3,1.3
2/23/2021 21:07,,1.35
2/24/2021 3:06,1.4,1.4
2/24/2021 9:42,,1.166666667
2/24/2021 16:11,,0.933333333
2/24/2021 21:57,0.7,0.7
2/25/2021 3:56,,0.55
2/25/2021 10:23,0.4,0.4
2/25/2021 16:49,,0.5
2/25/2021 22:41,0.6,0.6
2/26/2021 4:41,1.6,1.6
2/26/2021 11:00,0.3,0.3
2/26/2021 17:26,,0.4
2/26/2021 23:21,0.5,0.5
2/27/2021 5:23,1.6,1.6
2/27/2021 11:37,0.2,0.2
2/27/2021 18:03,1.7,1.7
2/28/2021 0:01,,1.7
2/28/2021 6:04,1.7,1.7
2/28/2021 12:15,0.2,0.2
2/28/2021 18:40,1.7,1.7
3/1/2021 0:41,0.4,0.4
3/1/2021 6:46,1.6,1.6
3/1/2021 12:52,0.2,0.2
3/1/2021 19:19,,0.666666667
3/2/2021 1:23,,1.133333333
3/2/2021 7:28,1.6,1.6
3/2/2021 13:31,0.3,0.3
3/2/2021 19:59,1.7,1.7
3/3/2021 2:06,0.4,0.4
3/3/2021 8:14,,0.4
3/3/2021 14:13,0.4,0.4
3/3/2021 20:42,1.7,1.7
3/4/2021 2:53,0.4,0.4
3/4/2021 9:04,1.4,1.4
3/4/2021 14:58,,1.5
3/4/2021 21:29,1.6,1.6
3/5/2021 3:48,0.5,0.5
3/5/2021 10:04,1.3,1.3
3/5/2021 15:51,0.6,0.6
3/5/2021 22:26,,0.6
3/6/2021 4:56,0.6,0.6
3/6/2021 11:23,1.2,1.2
3/6/2021 17:03,0.7,0.7
3/6/2021 23:38,1.4,1.4
3/7/2021 6:23,0.6,0.6
3/7/2021 13:02,,0.7
3/7/2021 18:44,0.8,0.8
3/8/2021 1:06,1.3,1.3
3/8/2021 7:52,,1.3
3/8/2021 14:33,1.3,1.3
3/8/2021 20:22,0.8,0.8
3/9/2021 2:26,1.3,1.3
3/9/2021 9:00,0.5,0.5
3/9/2021 15:37,1.4,1.4
3/9/2021 21:29,,1.4
3/10/2021 3:28,1.4,1.4
3/10/2021 9:50,0.4,0.4
3/10/2021 16:24,1.5,1.5
3/10/2021 22:17,0.6,0.6
3/11/2021 4:17,1.4,1.4
3/11/2021 10:30,0.4,0.4
3/11/2021 17:01,,0.766666667
3/11/2021 22:55,,1.133333333
3/12/2021 4:56,1.5,1.5
3/12/2021 11:04,,1.55
3/12/2021 17:34,1.6,1.6
3/12/2021 23:29,,1.55
3/13/2021 5:31,1.5,1.5
3/13/2021 11:36,0.3,0.3
3/13/2021 18:04,1.6,1.6
3/14/2021 0:00,0.5,0.5
3/14/2021 6:04,1.5,1.5
3/14/2021 12:06,0.3,0.3
3/14/2021 18:32,1.6,1.6
3/15/2021 0:30,0.4,0.4
3/15/2021 6:35,1.5,1.5
3/15/2021 12:35,0.3,0.3
3/15/2021 18:59,1.6,1.6
3/16/2021 1:01,0.4,0.4
3/16/2021 7:05,1.5,1.5
3/16/2021 13:04,,1.55
3/16/2021 19:25,1.6,1.6
3/17/2021 1:32,0.4,0.4
3/17/2021 7:37,1.4,1.4
3/17/2021 13:34,,1.1
3/17/2021 19:51,,0.8
3/18/2021 2:04,0.5,0.5
3/18/2021 8:10,,0.833333333
3/18/2021 14:04,,1.166666667
3/18/2021 20:19,1.5,1.5
3/19/2021 2:39,0.5,0.5
3/19/2021 8:47,1.3,1.3
3/19/2021 14:36,,1.35
3/19/2021 20:52,1.4,1.4
3/20/2021 3:20,0.6,0.6
3/20/2021 9:33,,0.65
3/20/2021 15:15,0.7,0.7
3/20/2021 21:33,1.3,1.3
3/21/2021 4:14,,1.133333333
3/21/2021 10:38,,0.966666667
3/21/2021 16:11,0.8,0.8
3/21/2021 22:32,,0.75
3/22/2021 5:31,0.7,0.7
3/22/2021 12:11,,0.8
3/22/2021 17:48,0.9,0.9
3/22/2021 23:59,1.2,1.2
3/23/2021 7:02,0.6,0.6
3/23/2021 13:45,,0.7
3/23/2021 19:36,0.8,0.8
3/24/2021 1:31,1.2,1.2
3/24/2021 8:14,0.6,0.6
3/24/2021 14:49,1.3,1.3
3/24/2021 20:46,0.7,0.7
3/25/2021 2:41,1.3,1.3
3/25/2021 9:07,,1.35
3/25/2021 15:36,1.4,1.4
3/25/2021 21:37,,1.066666667
3/26/2021 3:35,,0.733333333
3/26/2021 9:51,0.4,0.4
3/26/2021 16:16,1.6,1.6
3/26/2021 22:20,,1.625
3/27/2021 4:22,,1.65
3/27/2021 10:32,,1.675
3/27/2021 16:55,1.7,1.7
3/27/2021 23:01,0.3,0.3
3/28/2021 5:06,1.6,1.6
3/28/2021 11:11,0.2,0.2
3/28/2021 17:33,,0.25
3/28/2021 23:41,0.3,0.3
3/29/2021 5:48,1.6,1.6
3/29/2021 11:50,0.2,0.2
3/29/2021 18:12,1.8,1.8
3/30/2021 0:21,0.2,0.2
3/30/2021 6:31,1.6,1.6
3/30/2021 12:30,0.2,0.2
3/30/2021 18:51,,0.2
3/31/2021 1:03,0.2,0.2
3/31/2021 7:16,1.6,1.6
3/31/2021 13:11,,1.133333333
3/31/2021 19:32,,0.666666667
4/1/2021 1:46,0.2,0.2
4/1/2021 8:03,1.5,1.5
4/1/2021 13:54,0.4,0.4
4/1/2021 20:15,1.6,1.6
4/2/2021 2:32,0.3,0.3
4/2/2021 8:55,,0.4
4/2/2021 14:41,0.5,0.5
4/2/2021 21:02,,0.45
4/3/2021 3:25,0.4,0.4
4/3/2021 9:57,,0.425
4/3/2021 15:38,,0.45
4/3/2021 22:00,,0.475
4/4/2021 4:30,0.5,0.5
4/4/2021 11:18,1.2,1.2
4/4/2021 17:00,,1
4/4/2021 23:17,,0.8
4/5/2021 5:57,0.6,0.6
4/5/2021 12:55,1.2,1.2
4/5/2021 18:54,0.8,0.8
4/6/2021 0:52,1.2,1.2
4/6/2021 7:28,0.6,0.6
4/6/2021 14:18,1.3,1.3
4/6/2021 20:26,,1.25
4/7/2021 2:15,1.2,1.2
4/7/2021 8:35,,1.033333333
4/7/2021 15:15,,0.866666667
4/7/2021 21:23,0.7,0.7
4/8/2021 3:15,,0.6
4/8/2021 9:23,0.5,0.5
4/8/2021 15:57,1.5,1.5
4/8/2021 22:03,,1.4
4/9/2021 4:01,1.3,1.3
4/9/2021 10:02,0.4,0.4
4/9/2021 16:32,1.5,1.5
4/9/2021 22:36,0.5,0.5
4/10/2021 4:38,,0.45
4/10/2021 10:35,0.4,0.4
4/10/2021 17:01,1.6,1.6
4/10/2021 23:05,0.4,0.4
4/11/2021 5:11,1.4,1.4
4/11/2021 11:05,,1.066666667
4/11/2021 17:28,,0.733333333
4/11/2021 23:34,0.4,0.4
4/12/2021 5:42,,0.4
4/12/2021 11:35,,0.4
4/12/2021 17:54,,0.4
4/13/2021 0:02,,0.4
4/13/2021 6:12,,0.4
4/13/2021 12:04,0.4,0.4
4/13/2021 18:19,,0.35
4/14/2021 0:32,0.3,0.3
4/14/2021 6:43,1.4,1.4
4/14/2021 12:33,,1.45
4/14/2021 18:44,1.5,1.5
4/15/2021 1:01,0.3,0.3
4/15/2021 7:15,1.4,1.4
4/15/2021 13:03,,1.45
4/15/2021 19:11,1.5,1.5
4/16/2021 1:33,0.4,0.4
4/16/2021 7:48,1.3,1.3
4/16/2021 13:34,,1
4/16/2021 19:39,,0.7
4/17/2021 2:07,0.4,0.4
4/17/2021 8:26,1.3,1.3
4/17/2021 14:08,0.6,0.6
4/17/2021 20:12,1.4,1.4
4/18/2021 2:46,0.5,0.5
4/18/2021 9:13,1.2,1.2
4/18/2021 14:51,0.7,0.7
4/18/2021 20:55,1.3,1.3
4/19/2021 3:35,0.5,0.5
4/19/2021 10:15,1.2,1.2
4/19/2021 15:52,,1.2
4/19/2021 21:54,1.2,1.2
4/20/2021 4:42,0.6,0.6
4/20/2021 11:36,,0.7
4/20/2021 17:27,0.8,0.8
4/20/2021 23:21,1.2,1.2
4/21/2021 6:06,0.6,0.6
4/21/2021 12:59,,0.8
4/21/2021 19:08,,1
4/22/2021 0:55,1.2,1.2
4/22/2021 7:23,,1.25
4/22/2021 14:03,1.3,1.3
4/22/2021 20:18,0.6,0.6
4/23/2021 2:10,,0.9
4/23/2021 8:23,,1.2
4/23/2021 14:54,1.5,1.5
4/23/2021 21:10,,1.133333333
4/24/2021 3:08,,0.766666667
4/24/2021 9:14,0.4,0.4
4/24/2021 15:39,1.6,1.6
4/24/2021 21:55,0.3,0.3
4/25/2021 3:59,1.5,1.5
4/25/2021 9:59,0.3,0.3
4/25/2021 16:21,1.7,1.7
4/25/2021 22:38,0.2,0.2
4/26/2021 4:46,1.5,1.5
4/26/2021 10:43,0.2,0.2
4/26/2021 17:03,,0.666666667
4/26/2021 23:19,,1.133333333
4/27/2021 5:32,1.6,1.6
4/27/2021 11:25,0.2,0.2
4/27/2021 17:43,1.8,1.8
4/28/2021 0:01,,1.7
4/28/2021 6:17,1.6,1.6
4/28/2021 12:09,0.3,0.3
4/28/2021 18:25,1.7,1.7
4/29/2021 0:43,0.1,0.1
4/29/2021 7:05,1.6,1.6
4/29/2021 12:52,0.3,0.3
4/29/2021 19:08,1.6,1.6
4/30/2021 1:27,,1.55
4/30/2021 7:55,1.5,1.5
4/30/2021 13:39,0.4,0.4
4/30/2021 19:52,1.5,1.5
5/1/2021 2:14,,1.45
5/1/2021 8:50,1.4,1.4
5/1/2021 14:31,0.6,0.6
5/1/2021 20:42,1.4,1.4
5/2/2021 3:06,0.3,0.3
5/2/2021 9:53,1.3,1.3
5/2/2021 15:34,0.7,0.7
5/2/2021 21:40,1.3,1.3
5/3/2021 4:08,0.4,0.4
5/3/2021 11:09,,0.6
5/3/2021 17:01,0.8,0.8
5/3/2021 22:57,1.2,1.2
5/4/2021 5:25,,1.25
5/4/2021 12:31,1.3,1.3
5/4/2021 18:46,0.8,0.8
5/5/2021 0:27,1.1,1.1
5/5/2021 6:46,,1.2
5/5/2021 13:43,1.3,1.3
5/5/2021 20:06,0.7,0.7
5/6/2021 1:47,1.1,1.1
5/6/2021 7:52,0.5,0.5
5/6/2021 14:37,1.4,1.4
5/6/2021 20:57,0.6,0.6
5/7/2021 2:48,1.2,1.2
5/7/2021 8:43,0.5,0.5
5/7/2021 15:18,1.4,1.4
5/7/2021 21:36,0.5,0.5
5/8/2021 3:35,1.2,1.2
5/8/2021 9:24,0.5,0.5
5/8/2021 15:53,1.5,1.5
5/8/2021 22:08,0.4,0.4
5/9/2021 4:13,1.3,1.3
5/9/2021 9:59,0.5,0.5
5/9/2021 16:22,1.5,1.5
5/9/2021 22:37,0.4,0.4
5/10/2021 4:48,1.3,1.3
5/10/2021 10:32,0.4,0.4
5/10/2021 16:49,1.5,1.5
5/10/2021 23:06,0.3,0.3
5/11/2021 5:21,1.4,1.4
5/11/2021 11:03,0.5,0.5
5/11/2021 17:16,,0.4
5/11/2021 23:36,0.3,0.3
5/12/2021 5:52,1.4,1.4
5/12/2021 11:34,0.5,0.5
5/12/2021 17:42,1.5,1.5
5/13/2021 0:06,0.3,0.3
5/13/2021 6:25,,0.4
5/13/2021 12:06,0.5,0.5
5/13/2021 18:10,1.5,1.5
5/14/2021 0:37,0.3,0.3
5/14/2021 6:59,,0.4
5/14/2021 12:39,0.5,0.5
5/14/2021 18:39,1.5,1.5
5/15/2021 1:10,0.3,0.3
5/15/2021 7:35,,0.666666667
5/15/2021 13:13,,1.033333333
5/15/2021 19:12,1.4,1.4
5/16/2021 1:45,,1.35
5/16/2021 8:15,1.3,1.3
5/16/2021 13:53,0.6,0.6
5/16/2021 19:49,1.3,1.3
5/17/2021 2:24,0.4,0.4
5/17/2021 9:03,1.3,1.3
5/17/2021 14:41,0.7,0.7
5/17/2021 20:35,,0.55
5/18/2021 3:11,0.4,0.4
5/18/2021 10:00,1.3,1.3
5/18/2021 15:45,0.7,0.7
5/18/2021 21:35,1.2,1.2
5/19/2021 4:09,0.5,0.5
5/19/2021 11:06,1.3,1.3
5/19/2021 17:08,0.7,0.7
5/19/2021 22:54,,0.6
5/20/2021 5:20,0.5,0.5
5/20/2021 12:15,1.3,1.3
5/20/2021 18:34,,1.033333333
5/21/2021 0:19,,0.766666667
5/21/2021 6:32,0.5,0.5
5/21/2021 13:17,1.4,1.4
5/21/2021 19:44,0.5,0.5
5/22/2021 1:35,1.2,1.2
5/22/2021 7:38,0.4,0.4
5/22/2021 14:13,,0.4
5/22/2021 20:40,0.4,0.4
5/23/2021 2:39,,0.4
5/23/2021 8:36,0.4,0.4
5/23/2021 15:02,,0.35
5/23/2021 21:29,0.3,0.3
5/24/2021 3:36,1.4,1.4
5/24/2021 9:27,0.3,0.3
5/24/2021 15:49,1.7,1.7
5/24/2021 22:14,0.2,0.2
5/25/2021 4:27,1.5,1.5
5/25/2021 10:16,0.3,0.3
5/25/2021 16:34,1.7,1.7
5/25/2021 22:59,,1.6
5/26/2021 5:17,1.5,1.5
5/26/2021 11:04,0.3,0.3
5/26/2021 17:19,,0.2
5/26/2021 23:42,0.1,0.1
5/27/2021 6:07,1.5,1.5
5/27/2021 11:51,,1.55
5/27/2021 18:04,1.6,1.6
5/28/2021 0:27,0.1,0.1
5/28/2021 6:57,1.5,1.5
5/28/2021 12:39,0.4,0.4
5/28/2021 18:49,1.6,1.6
5/29/2021 1:12,0.1,0.1
5/29/2021 7:48,1.5,1.5
5/29/2021 13:29,,1.5
5/29/2021 19:35,1.5,1.5
5/30/2021 1:58,,1.45
5/30/2021 8:42,1.4,1.4
5/30/2021 14:23,0.6,0.6
5/30/2021 20:25,,0.45
5/31/2021 2:48,0.3,0.3
5/31/2021 9:41,,0.5
5/31/2021 15:27,0.7,0.7
5/31/2021 21:22,1.2,1.2
6/1/2021 3:43,0.4,0.4
6/1/2021 10:45,1.3,1.3
6/1/2021 16:42,,1.2
6/1/2021 22:28,1.1,1.1
6/2/2021 4:44,0.5,0.5
6/2/2021 11:51,,0.6
6/2/2021 18:07,0.7,0.7
6/2/2021 23:44,1.1,1.1
6/3/2021 5:51,0.5,0.5
6/3/2021 12:53,,0.7
6/3/2021 19:21,,0.9
6/4/2021 1:01,1.1,1.1
6/4/2021 6:55,0.5,0.5
6/4/2021 13:46,1.3,1.3
6/4/2021 20:16,,1.033333333
6/5/2021 2:07,,0.766666667
6/5/2021 7:51,0.5,0.5
6/5/2021 14:30,,0.5
6/5/2021 20:59,0.5,0.5
6/6/2021 3:00,,0.8
6/6/2021 8:38,,1.1
6/6/2021 15:07,1.4,1.4
6/6/2021 21:34,0.4,0.4
6/7/2021 3:45,1.2,1.2
6/7/2021 9:20,0.5,0.5
6/7/2021 15:40,1.4,1.4
6/7/2021 22:08,0.4,0.4
6/8/2021 4:24,,0.45
6/8/2021 9:58,0.5,0.5
6/8/2021 16:12,1.4,1.4
6/8/2021 22:40,0.3,0.3
6/9/2021 5:01,1.3,1.3
6/9/2021 10:35,0.5,0.5
6/9/2021 16:42,1.5,1.5
6/9/2021 23:13,0.3,0.3
6/10/2021 5:36,1.3,1.3
6/10/2021 11:10,0.5,0.5
6/10/2021 17:13,,0.766666667
6/10/2021 23:45,,1.033333333
6/11/2021 6:11,1.3,1.3
6/11/2021 11:46,0.6,0.6
6/11/2021 17:46,,0.833333333
6/12/2021 0:18,,1.066666667
6/12/2021 6:47,1.3,1.3
6/12/2021 12:23,,1.35
6/12/2021 18:20,1.4,1.4
6/13/2021 0:52,0.2,0.2
6/13/2021 7:24,,0.266666667
6/13/2021 13:02,,0.333333333
6/13/2021 18:57,,0.4
6/14/2021 1:29,,0.466666667
6/14/2021 8:05,,0.533333333
6/14/2021 13:45,0.6,0.6
6/14/2021 19:38,,0.45
6/15/2021 2:08,0.3,0.3
6/15/2021 8:50,1.3,1.3
6/15/2021 14:35,0.6,0.6
6/15/2021 20:25,1.3,1.3
6/16/2021 2:52,0.3,0.3
6/16/2021 9:39,,0.6
6/16/2021 15:33,,0.9
6/16/2021 21:22,1.2,1.2
6/17/2021 3:42,0.4,0.4
6/17/2021 10:35,1.4,1.4
6/17/2021 16:42,0.6,0.6
6/17/2021 22:29,,0.5
6/18/2021 4:42,0.4,0.4
6/18/2021 11:35,1.4,1.4
6/18/2021 17:57,0.6,0.6
6/18/2021 23:45,1.2,1.2
6/19/2021 5:48,,1.3
6/19/2021 12:36,1.4,1.4
6/19/2021 19:08,,1.066666667
6/20/2021 1:02,,0.733333333
6/20/2021 6:56,0.4,0.4
6/20/2021 13:34,1.5,1.5
6/20/2021 20:10,0.4,0.4
6/21/2021 2:13,1.2,1.2
6/21/2021 8:02,0.4,0.4
6/21/2021 14:30,,0.35
6/21/2021 21:05,0.3,0.3
6/22/2021 3:17,,0.35
6/22/2021 9:01,0.4,0.4
6/22/2021 15:23,1.6,1.6
6/22/2021 21:55,0.2,0.2
6/23/2021 4:14,1.4,1.4
6/23/2021 9:57,0.4,0.4
6/23/2021 16:13,,0.25
6/23/2021 22:43,0.1,0.1
6/24/2021 5:08,1.4,1.4
6/24/2021 10:49,,1.5
6/24/2021 17:01,1.6,1.6
6/24/2021 23:28,0.1,0.1
6/25/2021 5:59,1.4,1.4
6/25/2021 11:40,0.4,0.4
6/25/2021 17:48,1.6,1.6
6/26/2021 0:13,0.1,0.1
6/26/2021 6:48,1.5,1.5
6/26/2021 12:29,,1.5
6/26/2021 18:34,1.5,1.5
6/27/2021 0:57,,1.5
6/27/2021 7:37,1.5,1.5
6/27/2021 13:19,0.5,0.5
6/27/2021 19:21,1.4,1.4
6/28/2021 1:41,0.2,0.2
6/28/2021 8:26,1.5,1.5
6/28/2021 14:10,0.6,0.6
6/28/2021 20:07,1.3,1.3
6/29/2021 2:25,0.2,0.2
6/29/2021 9:15,1.4,1.4
6/29/2021 15:04,,1.35
6/29/2021 20:56,1.3,1.3
6/30/2021 3:11,0.3,0.3
6/30/2021 10:06,1.4,1.4
6/30/2021 16:03,0.6,0.6
6/30/2021 21:50,1.2,1.2
7/1/2021 3:59,0.4,0.4
7/1/2021 10:58,1.3,1.3
7/1/2021 17:09,0.7,0.7
7/1/2021 22:51,1.1,1.1
7/2/2021 4:52,,0.933333333
7/2/2021 11:51,,0.766666667
7/2/2021 18:17,0.6,0.6
7/3/2021 0:00,,0.6
7/3/2021 5:50,0.6,0.6
7/3/2021 12:43,1.3,1.3
7/3/2021 19:20,0.6,0.6
7/4/2021 1:14,,0.6
7/4/2021 6:52,0.6,0.6
7/4/2021 13:32,1.3,1.3
7/4/2021 20:14,0.5,0.5
7/5/2021 2:20,1.1,1.1
7/5/2021 7:50,,0.9
7/5/2021 14:18,,0.7
7/5/2021 20:59,0.5,0.5
7/6/2021 3:16,1.1,1.1
7/6/2021 8:43,0.6,0.6
7/6/2021 15:00,1.4,1.4
7/6/2021 21:40,,1.3
7/7/2021 4:03,1.2,1.2
7/7/2021 9:30,0.6,0.6
7/7/2021 15:39,,0.45
7/7/2021 22:17,0.3,0.3
7/8/2021 4:44,1.2,1.2
7/8/2021 10:13,0.6,0.6
7/8/2021 16:17,,0.833333333
7/8/2021 22:53,,1.066666667
7/9/2021 5:21,1.3,1.3
7/9/2021 10:53,0.6,0.6
7/9/2021 16:54,1.4,1.4
7/9/2021 23:28,,1.35
7/10/2021 5:57,1.3,1.3
7/10/2021 11:33,0.6,0.6
7/10/2021 17:31,1.4,1.4
7/11/2021 0:02,0.2,0.2
7/11/2021 6:32,1.4,1.4
7/11/2021 12:12,,1.4
7/11/2021 18:09,1.4,1.4
7/12/2021 0:37,0.2,0.2
7/12/2021 7:09,1.4,1.4
7/12/2021 12:52,0.5,0.5
7/12/2021 18:48,1.4,1.4
7/13/2021 1:12,0.2,0.2
7/13/2021 7:47,1.4,1.4
7/13/2021 13:35,0.5,0.5
7/13/2021 19:30,1.4,1.4
7/14/2021 1:50,,1.4
7/14/2021 8:28,1.4,1.4
7/14/2021 14:21,,1.35
7/14/2021 20:15,1.3,1.3
7/15/2021 2:31,0.3,0.3
7/15/2021 9:13,1.5,1.5
7/15/2021 15:13,,1.4
7/15/2021 21:06,1.3,1.3
7/16/2021 3:17,,1.033333333
7/16/2021 10:02,,0.766666667
7/16/2021 16:12,0.5,0.5
7/16/2021 22:06,1.2,1.2
7/17/2021 4:09,,1.2
7/17/2021 10:57,,1.2
7/17/2021 17:20,,1.2
7/17/2021 23:17,1.2,1.2
7/18/2021 5:11,0.5,0.5
7/18/2021 11:58,1.4,1.4
7/18/2021 18:33,0.5,0.5
7/19/2021 0:36,1.2,1.2
7/19/2021 6:23,,0.933333333
7/19/2021 13:02,,0.666666667
7/19/2021 19:44,0.4,0.4
7/20/2021 1:56,1.2,1.2
7/20/2021 7:38,,0.933333333
7/20/2021 14:06,,0.666666667
7/20/2021 20:47,0.4,0.4
7/21/2021 3:08,,0.45
7/21/2021 8:48,0.5,0.5
7/21/2021 15:06,1.5,1.5
7/21/2021 21:42,,1.4
7/22/2021 4:09,1.3,1.3
7/22/2021 9:49,0.5,0.5
7/22/2021 16:01,1.5,1.5
7/22/2021 22:31,0.2,0.2
7/23/2021 5:02,,0.35
7/23/2021 10:43,0.5,0.5
7/23/2021 16:51,1.5,1.5
7/23/2021 23:16,0.1,0.1
7/24/2021 5:50,1.5,1.5
7/24/2021 11:33,0.5,0.5
7/24/2021 17:38,1.5,1.5
7/24/2021 23:59,0.1,0.1
7/25/2021 6:35,1.5,1.5
7/25/2021 12:19,0.5,0.5
7/25/2021 18:22,1.5,1.5
7/26/2021 0:39,,1.5
7/26/2021 7:17,1.5,1.5
7/26/2021 13:03,0.5,0.5
7/26/2021 19:04,1.4,1.4
7/27/2021 1:18,0.2,0.2
7/27/2021 7:58,,0.35
7/27/2021 13:46,0.5,0.5
7/27/2021 19:45,1.4,1.4
7/28/2021 1:56,0.2,0.2
7/28/2021 8:38,1.5,1.5
7/28/2021 14:30,0.5,0.5
7/28/2021 20:45,1.3,1.3
7/29/2021 2:34,0.3,0.3
7/29/2021 9:17,,0.45
7/29/2021 15:15,0.6,0.6
7/29/2021 21:08,,0.5
7/30/2021 3:13,0.4,0.4
7/30/2021 9:58,1.4,1.4
7/30/2021 16:05,0.6,0.6
7/30/2021 21:57,1.1,1.1
7/31/2021 3:55,0.5,0.5
7/31/2021 10:42,1.3,1.3
7/31/2021 17:04,,1.2
7/31/2021 22:56,1.1,1.1
8/1/2021 4:45,0.6,0.6
8/1/2021 11:31,1.3,1.3
8/1/2021 18:11,0.6,0.6
8/2/2021 0:12,1,1
8/2/2021 5:48,0.7,0.7
8/2/2021 12:27,,0.65
8/2/2021 19:21,0.6,0.6
8/3/2021 1:36,1,1
8/3/2021 7:02,0.7,0.7
8/3/2021 13:27,,0.6
8/3/2021 20:22,0.5,0.5
8/4/2021 2:49,,0.766666667
8/4/2021 8:12,,1.033333333
8/4/2021 14:24,1.3,1.3
8/4/2021 21:12,,1.25
8/5/2021 3:42,1.2,1.2
8/5/2021 9:10,0.7,0.7
8/5/2021 15:14,1.3,1.3
8/5/2021 21:54,0.4,0.4
8/6/2021 4:24,1.2,1.2
8/6/2021 9:58,,1.3
8/6/2021 15:59,1.4,1.4
8/6/2021 22:32,0.3,0.3
8/7/2021 5:01,,0.45
8/7/2021 10:40,0.6,0.6
8/7/2021 16:39,1.4,1.4
8/7/2021 23:07,0.2,0.2
8/8/2021 5:35,1.4,1.4
8/8/2021 11:20,0.5,0.5
8/8/2021 17:19,1.5,1.5
8/8/2021 23:42,0.2,0.2
8/9/2021 6:10,1.5,1.5
8/9/2021 11:59,0.5,0.5
8/9/2021 17:57,1.5,1.5
8/10/2021 0:16,0.2,0.2
8/10/2021 6:45,,0.3
8/10/2021 12:37,0.4,0.4
8/10/2021 18:37,1.5,1.5
8/11/2021 0:51,0.2,0.2
8/11/2021 7:21,,0.3
8/11/2021 13:18,0.4,0.4
8/11/2021 19:18,1.5,1.5
8/12/2021 1:28,0.2,0.2
8/12/2021 8:00,,0.6
8/12/2021 14:01,,1
8/12/2021 20:01,1.4,1.4
8/13/2021 2:08,0.3,0.3
8/13/2021 8:42,1.6,1.6
8/13/2021 14:48,0.4,0.4
8/13/2021 20:50,,0.35
8/14/2021 2:50,0.3,0.3
8/14/2021 9:28,1.5,1.5
8/14/2021 15:42,0.5,0.5
8/14/2021 21:46,,0.833333333
8/15/2021 3:41,,1.166666667
8/15/2021 10:21,1.5,1.5
8/15/2021 16:46,0.5,0.5
8/15/2021 22:56,1.2,1.2
8/16/2021 4:43,,1.3
8/16/2021 11:25,1.4,1.4
8/16/2021 18:03,,1.3
8/17/2021 0:22,1.2,1.2
8/17/2021 6:03,,1.3
8/17/2021 12:39,1.4,1.4
8/17/2021 19:25,,1.166666667
8/18/2021 1:51,,0.933333333
8/18/2021 7:33,0.7,0.7
8/18/2021 13:54,,0.55
8/18/2021 20:36,0.4,0.4
8/19/2021 3:06,,0.375
8/19/2021 8:50,,0.35
8/19/2021 15:01,,0.325
8/19/2021 21:33,0.3,0.3
8/20/2021 4:05,1.4,1.4
8/20/2021 9:51,,1.45
8/20/2021 15:56,1.5,1.5
8/20/2021 22:20,0.2,0.2
8/21/2021 4:53,1.5,1.5
8/21/2021 10:41,0.5,0.5
8/21/2021 16:45,1.5,1.5
8/21/2021 23:02,0.2,0.2
8/22/2021 5:35,1.5,1.5
8/22/2021 11:24,0.5,0.5
8/22/2021 17:27,,0.866666667
8/22/2021 23:40,,1.233333333
8/23/2021 6:12,1.6,1.6
8/23/2021 12:03,0.4,0.4
8/23/2021 18:06,1.5,1.5
8/24/2021 0:15,,1.55
8/24/2021 6:48,1.6,1.6
8/24/2021 12:40,0.4,0.4
8/24/2021 18:43,1.5,1.5
8/25/2021 0:49,0.2,0.2
8/25/2021 7:21,,0.3
8/25/2021 13:16,0.4,0.4
8/25/2021 19:18,1.4,1.4
8/26/2021 1:22,0.3,0.3
8/26/2021 7:53,,0.4
8/26/2021 13:52,0.5,0.5
8/26/2021 19:53,1.4,1.4
8/27/2021 1:55,0.4,0.4
8/27/2021 8:25,1.5,1.5
8/27/2021 14:29,0.5,0.5
8/27/2021 20:30,1.3,1.3
8/28/2021 2:29,,1.35
8/28/2021 8:57,1.4,1.4
8/28/2021 15:09,0.5,0.5
8/28/2021 21:11,1.2,1.2
8/29/2021 3:04,0.6,0.6
8/29/2021 9:33,,0.625
8/29/2021 15:57,,0.65
8/29/2021 22:02,,0.675
8/30/2021 3:48,0.7,0.7
8/30/2021 10:17,,0.65
8/30/2021 16:59,0.6,0.6
8/30/2021 23:14,1.1,1.1
8/31/2021 4:47,0.8,0.8
8/31/2021 11:17,1.2,1.2
8/31/2021 18:19,0.6,0.6
9/1/2021 0:51,1.1,1.1
9/1/2021 6:19,0.8,0.8
9/1/2021 12:35,1.2,1.2
9/1/2021 19:39,,1.2
9/2/2021 2:18,,1.2
9/2/2021 7:50,,1.2
9/2/2021 13:52,1.2,1.2
9/2/2021 20:40,0.5,0.5
9/3/2021 3:15,1.2,1.2
9/3/2021 8:55,0.7,0.7
9/3/2021 14:52,1.3,1.3
9/3/2021 21:26,,1.3
9/4/2021 3:56,1.3,1.3
9/4/2021 9:43,0.6,0.6
9/4/2021 15:40,1.4,1.4
9/4/2021 22:05,0.4,0.4
9/5/2021 4:31,1.4,1.4
9/5/2021 10:24,0.5,0.5
9/5/2021 16:23,1.5,1.5
9/5/2021 22:41,,1.5
9/6/2021 5:05,1.5,1.5
9/6/2021 11:02,0.4,0.4
9/6/2021 17:03,1.5,1.5
9/6/2021 23:16,0.2,0.2
9/7/2021 5:40,1.6,1.6
9/7/2021 11:39,0.4,0.4
9/7/2021 17:42,1.6,1.6
9/7/2021 23:51,0.2,0.2
9/8/2021 6:15,1.7,1.7
9/8/2021 12:18,0.3,0.3
9/8/2021 18:22,,0.25
9/9/2021 0:27,0.2,0.2
9/9/2021 6:51,1.7,1.7
9/9/2021 12:57,,1.6
9/9/2021 19:03,1.5,1.5
9/10/2021 1:05,0.2,0.2
9/10/2021 7:30,1.7,1.7
9/10/2021 13:38,,1.675
9/10/2021 19:47,,1.65
9/11/2021 1:45,,1.625
9/11/2021 8:11,1.6,1.6
9/11/2021 14:23,0.4,0.4
9/11/2021 20:35,1.4,1.4
9/12/2021 2:29,,1.45
9/12/2021 8:56,1.5,1.5
9/12/2021 15:14,,1.166666667
9/12/2021 21:32,,0.833333333
9/13/2021 3:20,0.5,0.5
9/13/2021 9:50,,0.733333333
9/13/2021 16:17,,0.966666667
9/13/2021 22:46,1.2,1.2
9/14/2021 4:27,0.7,0.7
9/14/2021 10:59,1.3,1.3
9/14/2021 17:39,0.5,0.5
9/15/2021 0:19,1.2,1.2
9/15/2021 6:03,0.7,0.7
9/15/2021 12:25,,0.6
9/15/2021 19:10,0.5,0.5
9/16/2021 1:53,1.3,1.3
9/16/2021 7:46,0.7,0.7
9/16/2021 13:51,1.3,1.3
9/16/2021 20:25,0.5,0.5
9/17/2021 3:02,,0.6
9/17/2021 9:00,0.7,0.7
9/17/2021 14:59,1.4,1.4
9/17/2021 21:20,0.4,0.4
9/18/2021 3:54,1.4,1.4
9/18/2021 9:52,,1.4
9/18/2021 15:51,1.4,1.4
9/18/2021 22:04,0.3,0.3
9/19/2021 4:35,1.5,1.5
9/19/2021 10:33,0.5,0.5
9/19/2021 16:34,1.5,1.5
9/19/2021 22:41,0.3,0.3
9/20/2021 5:10,1.6,1.6
9/20/2021 11:09,,1.166666667
9/20/2021 17:12,,0.733333333
9/20/2021 23:15,0.3,0.3
9/21/2021 5:43,1.6,1.6
9/21/2021 11:42,0.4,0.4
9/21/2021 17:47,1.5,1.5
9/21/2021 23:47,,1.55
9/22/2021 6:12,1.6,1.6
9/22/2021 12:13,0.4,0.4
9/22/2021 18:20,,0.8
9/23/2021 0:17,,1.2
9/23/2021 6:40,1.6,1.6
9/23/2021 12:44,0.4,0.4
9/23/2021 18:52,,0.8
9/24/2021 0:48,,1.2
9/24/2021 7:07,1.6,1.6
9/24/2021 13:15,0.4,0.4
9/24/2021 19:24,1.4,1.4
9/25/2021 1:18,0.5,0.5
9/25/2021 7:35,1.5,1.5
9/25/2021 13:48,0.4,0.4
9/25/2021 19:58,1.4,1.4
9/26/2021 1:49,0.5,0.5
9/26/2021 8:03,1.4,1.4
9/26/2021 14:24,0.5,0.5
9/26/2021 20:36,1.3,1.3
9/27/2021 2:23,0.6,0.6
9/27/2021 8:34,1.4,1.4
9/27/2021 15:05,,1.3
9/27/2021 21:24,1.2,1.2
9/28/2021 3:03,0.7,0.7
9/28/2021 9:15,,0.65
9/28/2021 15:58,0.6,0.6
9/28/2021 22:30,,0.7
9/29/2021 4:01,0.8,0.8
9/29/2021 10:14,,0.825
9/29/2021 17:14,,0.85
9/30/2021 0:06,,0.875
9/30/2021 5:43,0.9,0.9
9/30/2021 11:43,1.2,1.2
9/30/2021 18:45,0.7,0.7
10/1/2021 1:36,1.2,1.2
10/1/2021 7:29,,1
10/1/2021 13:17,,0.8
10/1/2021 19:56,0.6,0.6
10/2/2021 2:35,1.3,1.3
10/2/2021 8:35,0.7,0.7
10/2/2021 14:25,1.3,1.3
10/2/2021 20:48,0.5,0.5
10/3/2021 3:17,1.4,1.4
10/3/2021 9:21,,1.4
10/3/2021 15:17,1.4,1.4
10/3/2021 21:30,0.4,0.4
10/4/2021 3:54,1.5,1.5
10/4/2021 10:01,0.5,0.5
10/4/2021 16:01,1.5,1.5
10/4/2021 22:09,0.3,0.3
10/5/2021 4:31,,0.35
10/5/2021 10:39,0.4,0.4
10/5/2021 16:43,1.6,1.6
10/5/2021 22:46,,1.65
10/6/2021 5:07,1.7,1.7
10/6/2021 11:17,0.3,0.3
10/6/2021 17:24,1.6,1.6
10/6/2021 23:24,0.2,0.2
10/7/2021 5:44,1.8,1.8
10/7/2021 11:56,0.2,0.2
10/7/2021 18:05,1.6,1.6
10/8/2021 0:03,,1.7
10/8/2021 6:22,1.8,1.8
10/8/2021 12:35,0.2,0.2
10/8/2021 18:48,1.6,1.6
10/9/2021 0:43,0.3,0.3
10/9/2021 7:01,,0.733333333
10/9/2021 13:17,,1.166666667
10/9/2021 19:35,1.6,1.6
10/10/2021 1:25,0.4,0.4
10/10/2021 7:43,1.7,1.7
10/10/2021 14:02,,1.6
10/10/2021 20:26,1.5,1.5
10/11/2021 2:12,0.5,0.5
10/11/2021 8:30,1.5,1.5
10/11/2021 14:53,0.4,0.4
10/11/2021 21:26,1.4,1.4
10/12/2021 3:08,0.7,0.7
10/12/2021 9:26,1.4,1.4
10/12/2021 15:55,,1.35
10/12/2021 22:43,1.3,1.3
10/13/2021 4:25,0.8,0.8
10/13/2021 10:41,1.3,1.3
10/13/2021 17:17,0.6,0.6
10/14/2021 0:16,1.3,1.3
10/14/2021 6:16,0.8,0.8
10/14/2021 12:15,1.2,1.2
10/14/2021 18:49,,1.3
10/15/2021 1:42,1.4,1.4
10/15/2021 7:55,,1.4
10/15/2021 13:43,,1.4
10/15/2021 20:03,,1.4
10/16/2021 2:44,1.4,1.4
10/16/2021 8:57,0.7,0.7
10/16/2021 14:49,1.3,1.3
10/16/2021 20:56,,1.4
10/17/2021 3:30,1.5,1.5
10/17/2021 9:41,,1.45
10/17/2021 15:38,1.4,1.4
10/17/2021 21:38,,1.5
10/18/2021 4:08,1.6,1.6
10/18/2021 10:16,0.5,0.5
10/18/2021 16:18,,0.45
10/18/2021 22:13,0.4,0.4
10/19/2021 4:40,,0.4
10/19/2021 10:47,0.4,0.4
10/19/2021 16:54,1.5,1.5
10/19/2021 22:46,0.4,0.4
10/20/2021 5:09,1.6,1.6
10/20/2021 11:17,0.4,0.4
10/20/2021 17:26,1.5,1.5
10/20/2021 23:16,0.4,0.4
10/21/2021 5:35,1.6,1.6
10/21/2021 11:46,,1.55
10/21/2021 17:58,1.5,1.5
10/21/2021 23:46,0.4,0.4
10/22/2021 6:01,,0.35
10/22/2021 12:15,0.3,0.3
10/22/2021 18:29,1.5,1.5
10/23/2021 0:16,0.5,0.5
10/23/2021 6:27,,0.45
10/23/2021 12:45,0.4,0.4
10/23/2021 19:01,1.4,1.4
10/24/2021 0:47,,1.066666667
10/24/2021 6:53,,0.733333333
10/24/2021 13:17,0.4,0.4
10/24/2021 19:35,,0.5
10/25/2021 1:18,0.6,0.6
10/25/2021 7:21,,0.5
10/25/2021 13:50,0.4,0.4
10/25/2021 20:14,1.3,1.3
10/26/2021 1:53,0.7,0.7
10/26/2021 7:53,1.4,1.4
10/26/2021 14:29,0.5,0.5
10/26/2021 21:01,1.3,1.3
10/27/2021 2:36,0.8,0.8
10/27/2021 8:33,1.3,1.3
10/27/2021 15:16,0.6,0.6
10/27/2021 22:02,1.2,1.2
10/28/2021 3:36,,1.2
10/28/2021 9:30,1.2,1.2
10/28/2021 16:20,,1.2
10/28/2021 23:22,1.2,1.2
10/29/2021 5:12,,1.2
10/29/2021 10:57,1.2,1.2
10/29/2021 17:43,,1.25
10/30/2021 0:42,1.3,1.3
10/30/2021 6:55,,1.066666667
10/30/2021 12:33,,0.833333333
10/30/2021 19:00,0.6,0.6
10/31/2021 1:44,1.4,1.4
10/31/2021 8:02,0.7,0.7
10/31/2021 13:49,1.3,1.3
10/31/2021 20:00,0.6,0.6
11/1/2021 2:32,1.5,1.5
11/1/2021 8:51,0.6,0.6
11/1/2021 14:46,1.4,1.4
11/1/2021 20:49,0.5,0.5
11/2/2021 3:15,,0.45
11/2/2021 9:34,0.4,0.4
11/2/2021 15:36,1.5,1.5
11/2/2021 21:34,0.4,0.4
11/3/2021 3:55,1.7,1.7
11/3/2021 10:14,0.3,0.3
11/3/2021 16:21,,0.35
11/3/2021 22:16,0.4,0.4
11/4/2021 4:35,,0.3
11/4/2021 10:54,0.2,0.2
11/4/2021 17:06,1.6,1.6
11/4/2021 22:58,0.3,0.3
11/5/2021 5:15,1.8,1.8
11/5/2021 11:35,0.2,0.2
11/5/2021 17:51,1.7,1.7
11/5/2021 23:41,0.4,0.4
11/6/2021 5:56,1.8,1.8
11/6/2021 12:17,,1.7
11/6/2021 18:37,1.6,1.6
11/7/2021 0:25,,1.7
11/7/2021 6:39,1.8,1.8
11/7/2021 13:00,0.2,0.2
11/7/2021 19:27,,0.35
11/8/2021 1:11,0.5,0.5
11/8/2021 7:23,,0.833333333
11/8/2021 13:46,,1.166666667
11/8/2021 20:21,1.5,1.5
11/9/2021 2:03,0.6,0.6
11/9/2021 8:12,1.5,1.5
11/9/2021 14:37,0.4,0.4
11/9/2021 21:23,1.5,1.5
11/10/2021 3:03,0.7,0.7
11/10/2021 9:10,1.4,1.4
11/10/2021 15:37,,1.2
11/10/2021 22:36,,1
11/11/2021 4:25,0.8,0.8
11/11/2021 10:23,1.3,1.3
11/11/2021 16:50,,1.35
11/11/2021 23:57,1.4,1.4
11/12/2021 6:10,0.8,0.8
11/12/2021 11:53,1.2,1.2
11/12/2021 18:12,0.6,0.6
11/13/2021 1:12,1.4,1.4
11/13/2021 7:38,0.8,0.8
11/13/2021 13:18,1.2,1.2
11/13/2021 19:24,0.6,0.6
11/14/2021 2:10,1.5,1.5
11/14/2021 8:36,,1.4
11/14/2021 14:25,1.3,1.3
11/14/2021 20:20,0.6,0.6
11/15/2021 2:56,1.5,1.5
11/15/2021 9:18,0.6,0.6
11/15/2021 15:16,,0.6
11/15/2021 21:04,0.6,0.6
11/16/2021 3:33,1.6,1.6
11/16/2021 9:52,,1.5
11/16/2021 15:58,1.4,1.4
11/16/2021 21:41,0.6,0.6
11/17/2021 4:05,1.6,1.6
11/17/2021 10:23,0.5,0.5
11/17/2021 16:34,1.4,1.4
11/17/2021 22:15,0.6,0.6
11/18/2021 4:34,1.6,1.6
11/18/2021 10:52,,1.55
11/18/2021 17:08,1.5,1.5
11/18/2021 22:48,0.6,0.6
11/19/2021 5:01,1.6,1.6
11/19/2021 11:22,0.4,0.4
11/19/2021 17:40,1.5,1.5
11/19/2021 23:20,,1.55
11/20/2021 5:28,1.6,1.6
11/20/2021 11:51,0.3,0.3
11/20/2021 18:13,1.5,1.5
11/20/2021 23:52,0.6,0.6
11/21/2021 5:55,,0.9
11/21/2021 12:22,,1.2
11/21/2021 18:46,1.5,1.5
11/22/2021 0:24,0.7,0.7
11/22/2021 6:24,1.6,1.6
11/22/2021 12:54,0.4,0.4
11/22/2021 19:22,,0.766666667
11/23/2021 0:59,,1.133333333
11/23/2021 6:55,1.5,1.5
11/23/2021 13:29,0.4,0.4
11/23/2021 20:01,,0.733333333
11/24/2021 1:37,,1.066666667
11/24/2021 7:30,1.4,1.4
11/24/2021 14:06,0.5,0.5
11/24/2021 20:45,,0.65
11/25/2021 2:22,0.8,0.8
11/25/2021 8:12,1.4,1.4
11/25/2021 14:50,0.5,0.5
11/25/2021 21:38,1.4,1.4
11/26/2021 3:21,,1.4
11/26/2021 9:07,,1.4
11/26/2021 15:42,,1.4
11/26/2021 22:41,1.4,1.4
11/27/2021 4:39,0.9,0.9
11/27/2021 10:20,,1.066666667
11/27/2021 16:47,,1.233333333
11/27/2021 23:47,1.4,1.4
11/28/2021 6:06,,1.3
11/28/2021 11:45,1.2,1.2
11/28/2021 17:59,0.6,0.6
11/29/2021 0:50,1.5,1.5
11/29/2021 7:19,0.7,0.7
11/29/2021 13:05,1.3,1.3
11/29/2021 19:07,0.6,0.6
11/30/2021 1:45,1.6,1.6
11/30/2021 8:16,0.6,0.6
11/30/2021 14:13,,0.55
11/30/2021 20:07,0.5,0.5
12/1/2021 2:35,,0.45
12/1/2021 9:05,0.4,0.4
12/1/2021 15:10,1.4,1.4
12/1/2021 21:00,0.5,0.5
12/2/2021 3:22,,0.833333333
12/2/2021 9:51,,1.166666667
12/2/2021 16:02,1.5,1.5
12/2/2021 21:50,0.5,0.5
12/3/2021 4:08,,0.35
12/3/2021 10:35,0.2,0.2
12/3/2021 16:52,1.6,1.6
12/3/2021 22:38,0.5,0.5
12/4/2021 4:53,1.8,1.8
12/4/2021 11:18,0.2,0.2
12/4/2021 17:41,1.6,1.6
12/4/2021 23:26,0.5,0.5
12/5/2021 5:37,1.8,1.8
12/5/2021 12:02,0.2,0.2
12/5/2021 18:30,1.7,1.7
12/6/2021 0:14,0.5,0.5
12/6/2021 6:23,,0.35
12/6/2021 12:47,0.2,0.2
12/6/2021 19:21,1.6,1.6
12/7/2021 1:03,0.6,0.6
12/7/2021 7:10,1.7,1.7
12/7/2021 13:33,0.3,0.3
12/7/2021 20:14,1.6,1.6
12/8/2021 1:57,,1.166666667
12/8/2021 7:59,,0.733333333
12/8/2021 14:22,0.3,0.3
12/8/2021 21:11,1.5,1.5
12/9/2021 2:57,0.7,0.7
12/9/2021 8:54,,0.725
12/9/2021 15:15,,0.75
12/9/2021 22:13,,0.775
12/10/2021 4:07,0.8,0.8
12/10/2021 9:57,1.3,1.3
12/10/2021 16:14,0.5,0.5
12/10/2021 23:18,1.5,1.5
12/11/2021 5:31,0.8,0.8
12/11/2021 11:12,1.2,1.2
12/11/2021 17:20,0.6,0.6
12/12/2021 0:23,1.5,1.5
12/12/2021 6:53,0.8,0.8
12/12/2021 12:33,,0.75
12/12/2021 18:28,0.7,0.7
12/13/2021 1:22,1.5,1.5
12/13/2021 7:57,,1.35
12/13/2021 13:46,1.2,1.2
12/13/2021 19:30,,1.35
12/14/2021 2:11,1.5,1.5
12/14/2021 8:45,0.6,0.6
12/14/2021 14:46,1.3,1.3
12/14/2021 20:22,0.7,0.7
12/15/2021 2:53,,0.65
12/15/2021 9:24,0.6,0.6
12/15/2021 15:34,1.3,1.3
12/15/2021 21:07,0.7,0.7
12/16/2021 3:29,1.6,1.6
12/16/2021 9:58,,1.5
12/16/2021 16:16,1.4,1.4
12/16/2021 21:47,0.7,0.7
12/17/2021 4:01,1.6,1.6
12/17/2021 10:30,0.4,0.4
12/17/2021 16:53,1.4,1.4
12/17/2021 22:24,0.7,0.7
12/18/2021 4:32,1.6,1.6
12/18/2021 11:02,0.4,0.4
12/18/2021 17:28,1.4,1.4
12/18/2021 23:00,,1.5
12/19/2021 5:03,1.6,1.6
12/19/2021 11:34,0.4,0.4
12/19/2021 18:02,,0.8
12/19/2021 23:36,,1.2
12/20/2021 5:35,1.6,1.6
12/20/2021 12:06,0.3,0.3
12/20/2021 18:36,1.5,1.5
12/21/2021 0:11,0.7,0.7
12/21/2021 6:08,1.6,1.6
12/21/2021 12:39,0.4,0.4
12/21/2021 19:11,1.5,1.5
12/22/2021 0:49,0.7,0.7
12/22/2021 6:42,1.5,1.5
12/22/2021 13:13,0.4,0.4
12/22/2021 19:48,,0.55
12/23/2021 1:28,0.7,0.7
12/23/2021 7:19,1.5,1.5
12/23/2021 13:49,0.4,0.4
12/23/2021 20:27,1.5,1.5
12/24/2021 2:12,0.8,0.8
12/24/2021 8:01,1.4,1.4
12/24/2021 14:28,0.5,0.5
12/24/2021 21:12,1.5,1.5
12/25/2021 3:03,0.8,0.8
12/25/2021 8:51,1.4,1.4
12/25/2021 15:12,0.5,0.5
12/25/2021 22:02,,0.65
12/26/2021 4:05,0.8,0.8
12/26/2021 9:51,1.3,1.3
12/26/2021 16:04,,1.4
12/26/2021 22:58,1.5,1.5
12/27/2021 5:16,0.8,0.8
12/27/2021 11:03,1.3,1.3
12/27/2021 17:07,,1.1
12/27/2021 23:58,,0.9
12/28/2021 6:31,0.7,0.7
12/28/2021 12:22,1.3,1.3
12/28/2021 18:17,0.6,0.6
12/29/2021 1:00,1.6,1.6
12/29/2021 7:39,0.6,0.6
12/29/2021 13:40,,0.6
12/29/2021 19:27,0.6,0.6
12/30/2021 1:59,1.6,1.6
12/30/2021 8:38,0.5,0.5
12/30/2021 14:48,1.4,1.4
12/30/2021 20:32,,1.066666667
12/31/2021 2:55,,0.733333333
12/31/2021 9:31,0.4,0.4
12/31/2021 15:49,1.5,1.5
12/31/2021 21:31,0.6,0.6
1/1/2022 3:47,1.7,1.7
1/1/2022 10:20,,1.65
1/1/2022 16:45,1.6,1.6
1/1/2022 22:27,0.6,0.6
1/2/2022 4:38,1.7,1.7
1/2/2022 11:07,0.2,0.2
1/2/2022 17:37,1.6,1.6
1/2/2022 23:19,0.6,0.6
1/3/2022 5:27,1.7,1.7
1/3/2022 11:52,0.2,0.2
1/3/2022 18:26,1.7,1.7
1/4/2022 0:09,,1.7
1/4/2022 6:14,1.7,1.7
1/4/2022 12:37,0.2,0.2
1/4/2022 19:14,,0.4
1/5/2022 0:59,0.6,0.6
1/5/2022 7:01,1.6,1.6
1/5/2022 13:20,0.2,0.2
1/5/2022 20:02,,0.666666667
1/6/2022 1:48,,1.133333333
1/6/2022 7:47,1.6,1.6
1/6/2022 14:04,0.3,0.3
1/6/2022 20:49,1.6,1.6
1/7/2022 2:40,0.7,0.7
1/7/2022 8:35,1.5,1.5
1/7/2022 14:47,,1.55
1/7/2022 21:37,1.6,1.6
1/8/2022 3:34,0.7,0.7
1/8/2022 9:25,1.4,1.4
1/8/2022 15:33,0.5,0.5
1/8/2022 22:27,1.5,1.5
1/9/2022 4:35,0.8,0.8
1/9/2022 10:22,1.3,1.3
1/9/2022 16:22,0.6,0.6
1/9/2022 23:19,,0.7
1/10/2022 5:42,0.8,0.8
1/10/2022 11:29,1.2,1.2
1/10/2022 17:17,0.7,0.7
1/11/2022 0:13,1.4,1.4
1/11/2022 6:52,,1.2
1/11/2022 12:47,,1
1/11/2022 18:21,0.8,0.8
1/12/2022 1:08,1.4,1.4
1/12/2022 7:55,0.7,0.7
1/12/2022 14:05,1.2,1.2
1/12/2022 19:28,0.8,0.8
1/13/2022 2:00,1.4,1.4
1/13/2022 8:47,0.6,0.6
1/13/2022 15:10,1.2,1.2
1/13/2022 20:29,0.8,0.8
1/14/2022 2:48,1.4,1.4
1/14/2022 9:31,,1.35
1/14/2022 16:00,1.3,1.3
1/14/2022 21:22,0.8,0.8
1/15/2022 3:30,1.5,1.5
1/15/2022 10:09,0.5,0.5
1/15/2022 16:41,1.4,1.4
1/15/2022 22:07,,1.45
1/16/2022 4:10,1.5,1.5
1/16/2022 10:45,0.4,0.4
1/16/2022 17:17,1.4,1.4
1/16/2022 22:47,,1.066666667
1/17/2022 4:46,,0.733333333
1/17/2022 11:19,0.4,0.4
1/17/2022 17:50,1.5,1.5
1/17/2022 23:25,0.7,0.7
1/18/2022 5:22,,0.5
1/18/2022 11:51,0.3,0.3
1/18/2022 18:22,1.5,1.5
1/19/2022 0:02,,1.55
1/19/2022 5:57,1.6,1.6
1/19/2022 12:23,0.3,0.3
1/19/2022 18:54,1.5,1.5
1/20/2022 0:38,0.7,0.7
1/20/2022 6:33,1.6,1.6
1/20/2022 12:56,,1.575
1/20/2022 19:27,,1.55
1/21/2022 1:16,,1.525
1/21/2022 7:09,1.5,1.5
1/21/2022 13:29,0.3,0.3
1/21/2022 20:02,,0.45
1/22/2022 1:56,0.6,0.6
1/22/2022 7:49,,0.5
1/22/2022 14:04,0.4,0.4
1/22/2022 20:40,1.6,1.6
1/23/2022 2:40,0.6,0.6
1/23/2022 8:33,1.4,1.4
1/23/2022 14:43,0.4,0.4
1/23/2022 21:23,,0.5
1/24/2022 3:30,0.6,0.6
1/24/2022 9:24,1.4,1.4
1/24/2022 15:27,0.5,0.5
1/24/2022 22:12,1.6,1.6
1/25/2022 4:30,0.7,0.7
1/25/2022 10:26,1.3,1.3
1/25/2022 16:22,0.6,0.6
1/25/2022 23:09,1.5,1.5
1/26/2022 5:42,0.7,0.7
1/26/2022 11:45,1.2,1.2
1/26/2022 17:31,,1.35
1/27/2022 0:15,1.5,1.5
1/27/2022 7:02,0.6,0.6
1/27/2022 13:14,1.3,1.3
1/27/2022 18:54,0.7,0.7
1/28/2022 1:27,,0.6
1/28/2022 8:15,0.5,0.5
1/28/2022 14:38,1.3,1.3
1/28/2022 20:17,0.7,0.7
1/29/2022 2:37,1.6,1.6
1/29/2022 9:18,0.4,0.4
1/29/2022 15:46,1.4,1.4
1/29/2022 21:27,0.7,0.7
1/30/2022 3:38,,0.5
1/30/2022 10:11,0.3,0.3
1/30/2022 16:42,,0.56
1/30/2022 22:25,,0.82
1/31/2022 4:32,,1.08
1/31/2022 10:58,,1.34
1/31/2022 17:30,1.6,1.6
1/31/2022 23:17,0.6,0.6
2/1/2022 5:21,1.7,1.7
2/1/2022 11:41,0.2,0.2
2/1/2022 18:15,1.7,1.7
2/2/2022 0:03,0.5,0.5
2/2/2022 6:06,1.7,1.7
2/2/2022 12:22,0.2,0.2
2/2/2022 18:57,1.7,1.7
2/3/2022 0:47,0.5,0.5
2/3/2022 6:48,1.6,1.6
2/3/2022 13:01,0.2,0.2
2/3/2022 19:36,1.7,1.7
2/4/2022 1:29,0.5,0.5
2/4/2022 7:29,1.6,1.6
2/4/2022 13:38,0.3,0.3
2/4/2022 20:15,1.7,1.7
2/5/2022 2:10,0.6,0.6
2/5/2022 8:06,1.5,1.5
2/5/2022 14:14,,1.55
2/5/2022 20:53,1.6,1.6
2/6/2022 2:52,0.6,0.6
2/6/2022 8:50,1.4,1.4
2/6/2022 14:51,0.5,0.5
2/6/2022 21:31,,0.6
2/7/2022 3:37,0.7,0.7
2/7/2022 9:33,1.3,1.3
2/7/2022 15:29,0.6,0.6
2/7/2022 22:10,1.5,1.5
2/8/2022 4:29,,1.233333333
2/8/2022 10:26,,0.966666667
2/8/2022 16:13,0.7,0.7
2/8/2022 22:56,1.4,1.4
2/9/2022 5:33,0.7,0.7
2/9/2022 11:38,1.1,1.1
2/9/2022 17:10,0.8,0.8
2/9/2022 23:53,1.3,1.3
2/10/2022 6:51,0.7,0.7
2/10/2022 13:16,,0.8
2/10/2022 18:32,0.9,0.9
2/11/2022 1:02,,0.85
2/11/2022 8:06,,0.8
2/11/2022 14:45,,0.75
2/11/2022 20:00,,0.7
2/12/2022 2:11,,0.65
2/12/2022 9:03,0.6,0.6
2/12/2022 15:44,1.2,1.2
2/12/2022 21:07,,1.3
2/13/2022 3:08,1.4,1.4
2/13/2022 9:48,0.5,0.5
2/13/2022 16:24,1.3,1.3
2/13/2022 21:56,,1.35
2/14/2022 3:54,1.4,1.4
2/14/2022 10:25,0.4,0.4
2/14/2022 16:58,1.4,1.4
2/14/2022 22:37,,1.45
2/15/2022 4:34,1.5,1.5
2/15/2022 10:59,,1.5
2/15/2022 17:28,1.5,1.5
2/15/2022 23:13,0.6,0.6
2/16/2022 5:10,1.5,1.5
2/16/2022 11:31,0.3,0.3
2/16/2022 17:58,1.6,1.6
2/16/2022 23:48,0.6,0.6
2/17/2022 5:46,,0.45
2/17/2022 12:02,0.3,0.3
2/17/2022 18:28,,0.4
2/18/2022 0:23,0.5,0.5
2/18/2022 6:21,1.6,1.6
2/18/2022 12:34,0.3,0.3
2/18/2022 19:00,1.7,1.7
2/19/2022 0:58,0.5,0.5
2/19/2022 6:57,1.6,1.6
2/19/2022 13:06,,1.233333333
2/19/2022 19:33,,0.866666667
2/20/2022 1:35,0.5,0.5
2/20/2022 7:36,,0.4
2/20/2022 13:41,0.3,0.3
2/20/2022 20:09,1.7,1.7
2/21/2022 2:16,0.5,0.5
2/21/2022 8:18,1.5,1.5
2/21/2022 14:19,0.4,0.4
2/21/2022 20:49,1.6,1.6
2/22/2022 3:02,0.5,0.5
2/22/2022 9:06,1.4,1.4
2/22/2022 15:01,,1.133333333
2/22/2022 21:35,,0.866666667
2/23/2022 3:56,0.6,0.6
2/23/2022 10:05,,0.6
2/23/2022 15:54,0.6,0.6
2/23/2022 22:31,1.5,1.5
2/24/2022 5:05,0.6,0.6
2/24/2022 11:25,,0.65
2/24/2022 17:06,0.7,0.7
2/24/2022 23:44,1.4,1.4
2/25/2022 6:33,,1.3
2/25/2022 13:05,1.2,1.2
2/25/2022 18:45,0.8,0.8
2/26/2022 1:11,,0.65
2/26/2022 8:00,0.5,0.5
2/26/2022 14:36,1.3,1.3
2/26/2022 20:22,,1.35
2/27/2022 2:31,1.4,1.4
2/27/2022 9:07,,1.425
2/27/2022 15:42,,1.45
2/27/2022 21:32,,1.475
2/28/2022 3:35,1.5,1.5
2/28/2022 10:00,0.4,0.4
2/28/2022 16:33,1.5,1.5
2/28/2022 22:25,,1.55
3/1/2022 4:27,1.6,1.6
3/1/2022 10:44,0.3,0.3
3/1/2022 17:16,1.6,1.6
3/1/2022 23:10,0.5,0.5
3/2/2022 5:12,1.6,1.6
3/2/2022 11:24,0.2,0.2
3/2/2022 17:54,,0.2
3/2/2022 23:50,,0.2
3/3/2022 5:53,,0.2
3/3/2022 12:00,0.2,0.2
3/3/2022 18:30,,0.3
3/4/2022 0:27,0.4,0.4
3/4/2022 6:31,,0.833333333
3/4/2022 12:35,,1.266666667
3/4/2022 19:03,1.7,1.7
3/5/2022 1:02,0.4,0.4
3/5/2022 7:07,1.6,1.6
3/5/2022 13:07,0.3,0.3
3/5/2022 19:35,1.7,1.7
3/6/2022 1:37,,1.6
3/6/2022 7:42,1.5,1.5
3/6/2022 13:39,0.4,0.4
3/6/2022 20:06,1.6,1.6
3/7/2022 2:12,0.5,0.5
3/7/2022 8:17,1.4,1.4
3/7/2022 14:12,,1.1
3/7/2022 20:36,,0.8
3/8/2022 2:48,0.5,0.5
3/8/2022 8:55,1.3,1.3
3/8/2022 14:45,,1.066666667
3/8/2022 21:08,,0.833333333
3/9/2022 3:30,0.6,0.6
3/9/2022 9:39,1.2,1.2
3/9/2022 15:23,,1.033333333
3/9/2022 21:45,,0.866666667
3/10/2022 4:22,0.7,0.7
3/10/2022 10:42,1.1,1.1
3/10/2022 16:13,0.8,0.8
3/10/2022 22:36,,0.9
3/11/2022 5:37,,1
3/11/2022 12:20,1.1,1.1
3/11/2022 17:40,0.9,0.9
3/11/2022 23:55,,0.8
3/12/2022 7:12,0.7,0.7
3/12/2022 14:08,1.1,1.1
3/12/2022 19:36,,1.04
3/13/2022 1:31,,0.98
3/13/2022 8:25,,0.92
3/13/2022 15:12,,0.86
3/13/2022 20:51,0.8,0.8
3/14/2022 2:42,1.3,1.3
3/14/2022 9:15,0.5,0.5
3/14/2022 15:52,1.3,1.3
3/14/2022 21:39,,1.35
3/15/2022 3:33,1.4,1.4
3/15/2022 9:55,0.5,0.5
3/15/2022 16:24,1.4,1.4
3/15/2022 22:17,0.6,0.6
3/16/2022 4:14,1.4,1.4
3/16/2022 10:29,0.4,0.4
3/16/2022 16:54,1.5,1.5
3/16/2022 22:52,0.5,0.5
3/17/2022 4:52,1.5,1.5
3/17/2022 11:02,0.3,0.3
3/17/2022 17:25,1.6,1.6
3/17/2022 23:26,0.4,0.4
3/18/2022 5:28,1.6,1.6
3/18/2022 11:35,0.3,0.3
3/18/2022 17:56,1.7,1.7
3/19/2022 0:01,0.4,0.4
3/19/2022 6:05,1.6,1.6
3/19/2022 12:08,,1.65
3/19/2022 18:29,1.7,1.7
3/20/2022 0:37,0.3,0.3
3/20/2022 6:43,1.6,1.6
3/20/2022 12:43,0.3,0.3
3/20/2022 19:03,,0.3
3/21/2022 1:14,0.3,0.3
3/21/2022 7:23,1.5,1.5
3/21/2022 13:19,0.3,0.3
3/21/2022 19:40,1.7,1.7
3/22/2022 1:54,0.3,0.3
3/22/2022 8:06,1.5,1.5
3/22/2022 13:59,0.4,0.4
3/22/2022 20:21,1.6,1.6
3/23/2022 2:39,,1.5
3/23/2022 8:56,1.4,1.4
3/23/2022 14:44,0.5,0.5
3/23/2022 21:07,1.5,1.5
3/24/2022 3:32,0.5,0.5
3/24/2022 9:59,1.3,1.3
3/24/2022 15:41,0.7,0.7
3/24/2022 22:06,1.4,1.4
3/25/2022 4:41,,1.3
3/25/2022 11:26,1.2,1.2
3/25/2022 17:04,0.8,0.8
3/25/2022 23:28,1.3,1.3
3/26/2022 6:13,0.6,0.6
3/26/2022 13:05,1.2,1.2
3/26/2022 19:00,0.8,0.8
3/27/2022 1:05,1.3,1.3
3/27/2022 7:44,0.5,0.5
3/27/2022 14:29,,0.5
3/27/2022 20:32,,0.5
3/28/2022 2:27,,0.5
3/28/2022 8:51,0.5,0.5
3/28/2022 15:27,1.4,1.4
3/28/2022 21:32,0.6,0.6
3/29/2022 3:29,1.4,1.4
3/29/2022 9:41,0.4,0.4
3/29/2022 16:13,1.5,1.5
3/29/2022 22:17,0.5,0.5
3/30/2022 4:17,1.5,1.5
3/30/2022 10:22,0.3,0.3
3/30/2022 16:51,1.6,1.6
3/30/2022 22:55,0.4,0.4
3/31/2022 4:58,1.5,1.5
3/31/2022 10:59,0.3,0.3
3/31/2022 17:25,1.7,1.7
3/31/2022 23:29,0.4,0.4
4/1/2022 5:35,1.5,1.5
4/1/2022 11:34,0.3,0.3
4/1/2022 17:57,1.7,1.7
4/2/2022 0:01,0.3,0.3
4/2/2022 6:10,1.5,1.5
4/2/2022 12:04,0.3,0.3
4/2/2022 18:26,1.6,1.6
4/3/2022 0:33,0.3,0.3
4/3/2022 6:43,1.5,1.5
4/3/2022 12:35,,1.55
4/3/2022 18:54,1.6,1.6
4/4/2022 1:04,0.3,0.3
4/4/2022 7:16,,0.35
4/4/2022 13:06,0.4,0.4
4/4/2022 19:21,1.5,1.5
4/5/2022 1:36,0.4,0.4
4/5/2022 7:50,1.4,1.4
4/5/2022 13:38,0.5,0.5
4/5/2022 19:49,,0.766666667
4/6/2022 2:10,,1.033333333
4/6/2022 8:27,1.3,1.3
4/6/2022 14:11,0.6,0.6
4/6/2022 20:18,1.4,1.4
4/7/2022 2:48,0.5,0.5
4/7/2022 9:11,1.2,1.2
4/7/2022 14:48,0.7,0.7
4/7/2022 20:52,0.3,0.3
4/8/2022 3:34,,0.75
4/8/2022 10:08,1.2,1.2
4/8/2022 15:39,0.8,0.8
4/8/2022 21:40,1.2,1.2
4/9/2022 4:37,,1.15
4/9/2022 11:34,1.1,1.1
4/9/2022 17:06,0.9,0.9
4/9/2022 22:58,1.1,1.1
4/10/2022 6:05,0.6,0.6
4/10/2022 13:11,1.2,1.2
4/10/2022 19:05,0.9,0.9
4/11/2022 0:43,1.1,1.1
4/11/2022 7:28,,1.15
4/11/2022 14:17,1.2,1.2
4/11/2022 20:21,0.8,0.8
4/12/2022 2:04,,0.65
4/12/2022 8:27,0.5,0.5
4/12/2022 15:02,1.3,1.3
4/12/2022 21:09,0.6,0.6
4/13/2022 3:00,,0.55
4/13/2022 9:12,0.5,0.5
4/13/2022 15:35,1.4,1.4
4/13/2022 21:48,0.5,0.5
4/14/2022 3:46,,0.45
4/14/2022 9:50,0.4,0.4
4/14/2022 16:13,1.5,1.5
4/14/2022 22:25,0.4,0.4
4/15/2022 4:27,1.4,1.4
4/15/2022 10:27,0.3,0.3
4/15/2022 16:47,1.6,1.6
4/15/2022 23:00,0.3,0.3
4/16/2022 5:06,1.5,1.5
4/16/2022 11:04,,1.6
4/16/2022 17:22,1.7,1.7
4/16/2022 23:37,0.2,0.2
4/17/2022 5:47,,0.7
4/17/2022 11:41,,1.2
4/17/2022 17:58,1.7,1.7
4/18/2022 0:15,0.2,0.2
4/18/2022 6:28,,0.2
4/18/2022 12:20,,0.2
4/18/2022 18:36,,0.2
4/19/2022 0:54,0.2,0.2
4/19/2022 7:12,1.5,1.5
4/19/2022 13:01,0.4,0.4
4/19/2022 19:16,,0.3
4/20/2022 1:37,0.2,0.2
4/20/2022 8:00,1.5,1.5
4/20/2022 13:46,0.5,0.5
4/20/2022 20:00,1.5,1.5
4/21/2022 2:24,0.3,0.3
4/21/2022 8:56,,0.45
4/21/2022 14:38,0.6,0.6
4/21/2022 20:51,1.4,1.4
4/22/2022 3:19,0.4,0.4
4/22/2022 10:03,,0.55
4/22/2022 15:44,0.7,0.7
4/22/2022 21:55,1.3,1.3
4/23/2022 4:28,0.5,0.5
4/23/2022 11:26,1.3,1.3
4/23/2022 17:20,,1.25
4/23/2022 23:21,1.2,1.2
4/24/2022 5:54,0.5,0.5
4/24/2022 12:54,1.3,1.3
4/24/2022 19:08,0.7,0.7
4/25/2022 0:55,1.2,1.2
4/25/2022 7:17,,1
4/25/2022 14:06,,0.8
4/25/2022 20:25,0.6,0.6
4/26/2022 2:13,1.2,1.2
4/26/2022 8:22,,1.35
4/26/2022 15:00,1.5,1.5
4/26/2022 21:17,0.5,0.5
4/27/2022 3:12,1.3,1.3
4/27/2022 9:11,0.4,0.4
4/27/2022 15:43,1.5,1.5
4/27/2022 21:58,0.4,0.4
4/28/2022 3:59,,0.4
4/28/2022 9:52,0.4,0.4
4/28/2022 16:19,1.6,1.6
4/28/2022 22:32,,1.5
4/29/2022 4:39,1.4,1.4
4/29/2022 10:28,0.4,0.4
4/29/2022 16:51,1.6,1.6
4/29/2022 23:04,0.3,0.3
4/30/2022 5:15,1.4,1.4
4/30/2022 11:01,0.4,0.4
4/30/2022 17:21,1.6,1.6
4/30/2022 23:34,0.3,0.3
